<?xml version="1.0"?>

<NaaccrDictionary dictionaryUri="http://anthctoday.org/epicenter/antr/naaccrxml/antr-naaccr-dictionary-220-v1.0.xml"
            naaccrVersion="220"
            specificationVersion="1.4"
            description="Alaska Native Tumor Registry (ANTR) user-defined NAACCR dictionary."
            xmlns="http://naaccr.org/naaccrxml">
    <ItemDefs>
        <ItemDef naaccrId="height"
            naaccrNum="9960"
            naaccrName="Height"
            length="2"
            recordTypes="A,M,C,I"
            parentXmlElement="Tumor"/>
        <ItemDef naaccrId="weight"
            naaccrNum="9961"
            naaccrName="Weight"
            length="3"
            recordTypes="A,M,C,I"
            parentXmlElement="Tumor"/>
        <ItemDef naaccrId="tobaccoUseCigarettes"
            naaccrNum="9965"
            naaccrName="Tobacco Use Cigarettes"
            length="1"
            recordTypes="A,M,C,I"
            parentXmlElement="Tumor"/>
        <ItemDef naaccrId="tobaccoUseOtherSmoke"
            naaccrNum="9966"
            naaccrName="Tobacco Use Other Smoke"
            length="1"
            recordTypes="A,M,C,I"
            parentXmlElement="Tumor"/>
        <ItemDef naaccrId="tobaccoUseSmokeless"
            naaccrNum="9967"
            naaccrName="Tobacco Use Smokeless"
            length="1"
            recordTypes="A,M,C,I"
            parentXmlElement="Tumor"/>
        <ItemDef naaccrId="tobaccoUseNos"
            naaccrNum="9968"
            naaccrName="Tobacco Use NOS"
            length="1"
            recordTypes="A,M,C,I"
            parentXmlElement="Tumor"/>
        <ItemDef naaccrId="antrNmFamilyHistoryOfCancer"
            naaccrNum="49043"
            naaccrName="ANTR NM Family History of Cancer"
            length="2"
            recordTypes="A,M,C,I"
            parentXmlElement="Tumor"
            dataType="digits"
            padding="leftZero"/>
        <ItemDef naaccrId="antrIndianCommunityAtBirth"
            naaccrNum="49042"
            naaccrName="ANTR Indian Community at Birth"
            length="3"
            recordTypes="A,M,C,I"
            parentXmlElement="Tumor"
            dataType="digits"
            padding="leftZero"/>
        <ItemDef naaccrId="antrIhsServiceUnitAtDiagnosis"
            naaccrNum="49041"
            naaccrName="ANTR IHS Service Unit at Diagnosis"
            length="2"
            recordTypes="A,M,C,I"
            parentXmlElement="Tumor"
            dataType="digits"
            padding="leftZero"/>
        <ItemDef naaccrId="antrIhsServiceUnitCurrent"
            naaccrNum="49040"
            naaccrName="ANTR IHS Service Unit Current"
            length="2"
            recordTypes="A,M,C,I"
            parentXmlElement="Tumor"
            dataType="digits"
            padding="leftZero"/>
        <ItemDef naaccrId="antrIhsServiceUnitAtBirth"
            naaccrNum="49039"
            naaccrName="ANTR IHS Service Unit at Birth"
            length="2"
            recordTypes="A,M,C,I"
            parentXmlElement="Tumor"
            dataType="digits"
            padding="leftZero"/>
        <ItemDef naaccrId="antrIhsEthnicity"
            naaccrNum="49038"
            naaccrName="ANTR IHS Ethnicity"
            length="2"
            recordTypes="A,M,C,I"
            parentXmlElement="Tumor"
            dataType="digits"
            padding="leftZero"/>
        <ItemDef naaccrId="antrMenopauseHistory"
            naaccrNum="49037"
            naaccrName="ANTR Menopause History"
            length="2"
            recordTypes="A,M,C,I"
            parentXmlElement="Tumor"
            dataType="digits"
            padding="leftZero"/>
        <ItemDef naaccrId="antrTribeAtDx"
            naaccrNum="49035"
            naaccrName="ANTR Tribe At Dx"
            length="3"
            recordTypes="A,M,C,I"
            parentXmlElement="Tumor"
            dataType="digits"
            padding="leftZero"/>
        <ItemDef naaccrId="antrSmokelessTobacco"
            naaccrNum="49034"
            naaccrName="ANTR Smokeless Tobacco"
            length="2"
            recordTypes="A,M,C,I"
            parentXmlElement="Tumor"
            dataType="digits"
            padding="leftZero"/>
        <ItemDef naaccrId="antrQuantum"
            naaccrNum="49033"
            naaccrName="ANTR Quantum"
            length="1"
            recordTypes="A,M,C,I"
            parentXmlElement="Tumor"
            dataType="digits"
            padding="leftBlank"/>
        <ItemDef naaccrId="antrPhysicianRadiation"
            naaccrNum="49032"
            naaccrName="ANTR Physician Radiation"
            length="10"
            recordTypes="A,M,C,I"
            parentXmlElement="Tumor"
            padding="leftBlank"/>
        <ItemDef naaccrId="antrNmTobaccoHistory"
            naaccrNum="49030"
            naaccrName="ANTR NM Tobacco History"
            length="2"
            recordTypes="A,M,C,I"
            parentXmlElement="Tumor"
            dataType="digits"
            padding="leftZero"/>
        <ItemDef naaccrId="antrMotherVillageCode"
            naaccrNum="49029"
            naaccrName="ANTR Mother Village Code"
            length="3"
            recordTypes="A,M,C,I"
            parentXmlElement="Tumor"
            dataType="digits"
            padding="leftZero"/>
        <ItemDef naaccrId="antrMotherLastName"
            naaccrNum="49028"
            naaccrName="ANTR Mother Last Name"
            length="25"
            recordTypes="A,M,C"
            parentXmlElement="Tumor"/>
        <ItemDef naaccrId="antrMotherFirstName"
            naaccrNum="49027"
            naaccrName="ANTR Mother First Name"
            length="15"
            recordTypes="A,M,C"
            parentXmlElement="Tumor"/>
        <ItemDef naaccrId="antrFollowUpContactRelation"
            naaccrNum="49024"
            naaccrName="ANTR Follow Up Contact Relation"
            length="2"
            recordTypes="A,M,C,I"
            parentXmlElement="Tumor"
            dataType="digits"
            padding="leftZero"/>
        <ItemDef naaccrId="antrFatherVillageCode"
            naaccrNum="49023"
            naaccrName="ANTR Father Village Code"
            length="3"
            recordTypes="A,M,C,I"
            parentXmlElement="Tumor"
            dataType="digits"
            padding="leftZero"/>
        <ItemDef naaccrId="antrFatherLastName"
            naaccrNum="49022"
            naaccrName="ANTR Father Last Name"
            length="25"
            recordTypes="A,M,C"
            parentXmlElement="Tumor"/>
        <ItemDef naaccrId="antrFatherFirstName"
            naaccrNum="49021"
            naaccrName="ANTR Father First Name"
            length="15"
            recordTypes="A,M,C"
            parentXmlElement="Tumor"/>
        <ItemDef naaccrId="antrFamilyMember3Site"
            naaccrNum="49020"
            naaccrName="ANTR Family Member 3 Site"
            length="4"
            recordTypes="A,M,C,I"
            parentXmlElement="Tumor"
            dataType="mixed"/>
        <ItemDef naaccrId="antrFamilyMember3"
            naaccrNum="49019"
            naaccrName="ANTR Family Member 3"
            length="2"
            recordTypes="A,M,C,I"
            parentXmlElement="Tumor"
            dataType="digits"
            padding="leftZero"/>
        <ItemDef naaccrId="antrFamilyMember2Site"
            naaccrNum="49018"
            naaccrName="ANTR Family Member 2 Site"
            length="4"
            recordTypes="A,M,C,I"
            parentXmlElement="Tumor"
            dataType="mixed"/>
        <ItemDef naaccrId="antrFamilyMember2"
            naaccrNum="49017"
            naaccrName="ANTR Family Member 2"
            length="2"
            recordTypes="A,M,C,I"
            parentXmlElement="Tumor"
            dataType="digits"
            padding="leftZero"/>
        <ItemDef naaccrId="antrFamilyMember1Site"
            naaccrNum="49016"
            naaccrName="ANTR Family Member 1 Site"
            length="4"
            recordTypes="A,M,C,I"
            parentXmlElement="Tumor"
            dataType="mixed"/>
        <ItemDef naaccrId="antrFamilyMember1"
            naaccrNum="49015"
            naaccrName="ANTR Family Member 1"
            length="2"
            recordTypes="A,M,C,I"
            parentXmlElement="Tumor"
            dataType="digits"
            padding="leftZero"/>
        <ItemDef naaccrId="antrDateCancerConference3Yyyy"
            naaccrNum="49012"
            naaccrName="ANTR Date Cancer Conference 3 Yyyy"
            length="4"
            recordTypes="A,M,C,I"
            parentXmlElement="Tumor"
            dataType="digits"
            padding="leftZero"/>
        <ItemDef naaccrId="antrDateCancerConference3Mm"
            naaccrNum="49011"
            naaccrName="ANTR Date Cancer Conference 3 Mm"
            length="2"
            recordTypes="A,M,C,I"
            parentXmlElement="Tumor"
            dataType="digits"
            padding="leftZero"/>
        <ItemDef naaccrId="antrDateCancerConference3Dd"
            naaccrNum="49010"
            naaccrName="ANTR Date Cancer Conference 3 Dd"
            length="2"
            recordTypes="A,M,C,I"
            parentXmlElement="Tumor"
            dataType="digits"
            padding="leftZero"/>
        <ItemDef naaccrId="antrDateCancerConference2Yyyy"
            naaccrNum="49009"
            naaccrName="ANTR Date Cancer Conference 2 Yyyy"
            length="4"
            recordTypes="A,M,C,I"
            parentXmlElement="Tumor"
            dataType="digits"
            padding="leftZero"/>
        <ItemDef naaccrId="antrDateCancerConference2Mm"
            naaccrNum="49008"
            naaccrName="ANTR Date Cancer Conference 2 Mm"
            length="2"
            recordTypes="A,M,C,I"
            parentXmlElement="Tumor"
            dataType="digits"
            padding="leftZero"/>
        <ItemDef naaccrId="antrDateCancerConference2Dd"
            naaccrNum="49007"
            naaccrName="ANTR Date Cancer Conference 2 Dd"
            length="2"
            recordTypes="A,M,C,I"
            parentXmlElement="Tumor"
            dataType="digits"
            padding="leftZero"/>
        <ItemDef naaccrId="antrDateCancerConference1Yyyy"
            naaccrNum="49006"
            naaccrName="ANTR Date Cancer Conference 1 Yyyy"
            length="4"
            recordTypes="A,M,C,I"
            parentXmlElement="Tumor"
            dataType="digits"
            padding="leftZero"/>
        <ItemDef naaccrId="antrDateCancerConference1Mm"
            naaccrNum="49005"
            naaccrName="ANTR Date Cancer Conference 1 Mm"
            length="2"
            recordTypes="A,M,C,I"
            parentXmlElement="Tumor"
            dataType="digits"
            padding="leftZero"/>
        <ItemDef naaccrId="antrDateCancerConference1Dd"
            naaccrNum="49004"
            naaccrName="ANTR Date Cancer Conference 1 Dd"
            length="2"
            recordTypes="A,M,C,I"
            parentXmlElement="Tumor"
            dataType="digits"
            padding="leftZero"/>
        <ItemDef naaccrId="antrAkSmokingHistory"
            naaccrNum="49003"
            naaccrName="ANTR AK Smoking History"
            length="2"
            recordTypes="A,M,C,I"
            parentXmlElement="Tumor"
            dataType="digits"
            padding="leftZero"/>
        <ItemDef naaccrId="antrAkNumberOfYearsSmoked"
            naaccrNum="49002"
            naaccrName="ANTR AK Number of Years Smoked"
            length="2"
            recordTypes="A,M,C,I"
            parentXmlElement="Tumor"
            dataType="digits"
            padding="leftZero"/>
        <ItemDef naaccrId="antrAkFamilyHistoryOfCancer"
            naaccrNum="49001"
            naaccrName="ANTR AK Family History of Cancer"
            length="2"
            recordTypes="A,M,C,I"
            parentXmlElement="Tumor"
            dataType="digits"
            padding="leftZero"/>
    </ItemDefs>
</NaaccrDictionary>