<?xml version="1.0"?>

<NaaccrDictionary dictionaryUri="https://www.ccrcal.org/submit-data/cancer-registrars-hospitals-and-facilities/reporting-by-cancer-registrars/california-facility-to-ccr-naaccr-dictionary-220-v1.xml"
            naaccrVersion="220"
            specificationVersion="1.5"
            dateLastModified="2021-10-14T11:01:34.739-07:00"
            description="California-Specific Data Items Facility-To-CCR XML User Dictionary"
            xmlns="http://naaccr.org/naaccrxml">
    <ItemDefs>
        <ItemDef naaccrId="codingProc"
            naaccrNum="70000"
            naaccrName="Coding Proc"
            length="2"
            recordTypes="A,M,C,I"
            parentXmlElement="Tumor"/>
        <ItemDef naaccrId="contactName"
            naaccrNum="70001"
            naaccrName="Contact Name"
            length="60"
            recordTypes="A,M,C"
            parentXmlElement="Patient"/>
        <ItemDef naaccrId="dateSurgProc1"
            naaccrNum="70002"
            naaccrName="Date Surg Proc 1"
            length="8"
            recordTypes="A,M,C,I"
            parentXmlElement="Tumor"/>
        <ItemDef naaccrId="dateSurgProc1Flag"
            naaccrNum="70003"
            naaccrName="Date Surg Proc 1 Flag"
            length="2"
            recordTypes="A,M,C,I"
            parentXmlElement="Tumor"/>
        <ItemDef naaccrId="dateSurgProc2"
            naaccrNum="70004"
            naaccrName="Date Surg Proc 2"
            length="8"
            recordTypes="A,M,C,I"
            parentXmlElement="Tumor"/>
        <ItemDef naaccrId="dateSurgProc2Flag"
            naaccrNum="70005"
            naaccrName="Date Surg Proc 2 Flag"
            length="2"
            recordTypes="A,M,C,I"
            parentXmlElement="Tumor"/>
        <ItemDef naaccrId="dateSurgProc3"
            naaccrNum="70006"
            naaccrName="Date Surg Proc 3"
            length="8"
            recordTypes="A,M,C,I"
            parentXmlElement="Tumor"/>
        <ItemDef naaccrId="dateSurgProc3Flag"
            naaccrNum="70007"
            naaccrName="Date Surg Proc 3 Flag"
            length="2"
            recordTypes="A,M,C,I"
            parentXmlElement="Tumor"/>
        <ItemDef naaccrId="discoveredByScreening"
            naaccrNum="70008"
            naaccrName="Discovered by Screening"
            length="1"
            recordTypes="A,M,C,I"
            parentXmlElement="Tumor"/>
        <ItemDef naaccrId="followUpFlag"
            naaccrNum="70009"
            naaccrName="Follow-up Flag"
            length="1"
            recordTypes="M"
            parentXmlElement="Tumor"/>
        <ItemDef naaccrId="followUpLastTypePatient"
            naaccrNum="70010"
            naaccrName="Follow-Up Last Type Patient"
            length="2"
            recordTypes="A,M,C,I"
            parentXmlElement="Patient"/>
        <ItemDef naaccrId="followUpLastTypeTumor"
            naaccrNum="70011"
            naaccrName="Follow-Up Last Type Tumor"
            length="2"
            recordTypes="A,M,C,I"
            parentXmlElement="Tumor"/>
        <ItemDef naaccrId="followUpNextType"
            naaccrNum="70012"
            naaccrName="Follow-Up Next Type"
            length="1"
            recordTypes="A,M,C,I"
            parentXmlElement="Patient"/>
        <ItemDef naaccrId="height"
            naaccrNum="9960"
            naaccrName="Height"
            length="2"
            recordTypes="A,M,C,I"
            parentXmlElement="Tumor"/>
        <ItemDef naaccrId="hospPatNo"
            naaccrNum="70013"
            naaccrName="Hosp Pat No"
            length="12"
            recordTypes="A,M,C"
            parentXmlElement="Patient"/>
        <ItemDef naaccrId="hospitalTumorNumberCcr"
            naaccrNum="70014"
            naaccrName="Hospital Tumor Number CCR"
            length="2"
            recordTypes="A,M,C"
            parentXmlElement="Tumor"/>
        <ItemDef naaccrId="lastFollowUpHospital"
            naaccrNum="2430"
            naaccrName="Last Follow-Up Hospital"
            length="10"
            recordTypes="A,M,C"
            parentXmlElement="Patient"/>
        <ItemDef naaccrId="nameAliasFirst"
            naaccrNum="70016"
            naaccrName="Name--Alias First"
            length="40"
            recordTypes="A,M,C"
            parentXmlElement="Patient"/>
        <ItemDef naaccrId="nameMotherFirst"
            naaccrNum="70017"
            naaccrName="Name--Mother First"
            length="40"
            recordTypes="A,M,C"
            parentXmlElement="Patient"/>
        <ItemDef naaccrId="npiPhysicianOther1"
            naaccrNum="70018"
            naaccrName="NPI--Physician Other 1"
            length="10"
            recordTypes="A,M,C"
            parentXmlElement="Tumor"/>
        <ItemDef naaccrId="npiPhysicianOther2"
            naaccrNum="70019"
            naaccrName="NPI--Physician Other 2"
            length="10"
            recordTypes="A,M,C"
            parentXmlElement="Tumor"/>
        <ItemDef naaccrId="overRideAdmisDx"
            naaccrNum="70020"
            naaccrName="Over-ride Admis DX"
            length="1"
            recordTypes="A,M,C,I"
            parentXmlElement="Tumor"/>
        <ItemDef naaccrId="overRideRaceBpl"
            naaccrNum="70021"
            naaccrName="Over-ride Race BPL"
            length="1"
            recordTypes="A,M,C,I"
            parentXmlElement="Patient"/>
        <ItemDef naaccrId="overRideSiteStage"
            naaccrNum="70022"
            naaccrName="Over-ride Site Stage"
            length="1"
            recordTypes="A,M,C,I"
            parentXmlElement="Tumor"/>
        <ItemDef naaccrId="overRideSpanishBpl"
            naaccrNum="70023"
            naaccrName="Over-ride Spanish BPL"
            length="1"
            recordTypes="A,M,C,I"
            parentXmlElement="Patient"/>
        <ItemDef naaccrId="patNoContact"
            naaccrNum="70024"
            naaccrName="Pat No Contact"
            length="1"
            recordTypes="A,M,C,I"
            parentXmlElement="Patient"/>
        <ItemDef naaccrId="paySource2"
            naaccrNum="70025"
            naaccrName="Pay Source 2"
            length="2"
            recordTypes="A,M,C,I"
            parentXmlElement="Tumor"/>
        <ItemDef naaccrId="paymentSourceText"
            naaccrNum="70026"
            naaccrName="Payment Source Text"
            length="40"
            recordTypes="A,M,C,I"
            parentXmlElement="Tumor"/>
        <ItemDef naaccrId="physicianOther1"
            naaccrNum="70027"
            naaccrName="Physician Other 1"
            length="8"
            recordTypes="A,M,C"
            parentXmlElement="Tumor"/>
        <ItemDef naaccrId="physicianOther2"
            naaccrNum="70028"
            naaccrName="Physician Other 2"
            length="8"
            recordTypes="A,M,C"
            parentXmlElement="Tumor"/>
        <ItemDef naaccrId="physicianReferring"
            naaccrNum="70029"
            naaccrName="Physician--Referring"
            length="8"
            recordTypes="A,M,C"
            parentXmlElement="Tumor"/>
        <ItemDef naaccrId="protocolParticipation"
            naaccrNum="1480"
            naaccrName="Protocol Participation"
            length="2"
            recordTypes="A,M,C,I"
            parentXmlElement="Tumor"/>
        <ItemDef naaccrId="regData01"
            naaccrNum="70031"
            naaccrName="Reg-Data 01"
            length="2"
            recordTypes="A,M,C,I"
            parentXmlElement="Tumor"/>
        <ItemDef naaccrId="regData02"
            naaccrNum="70032"
            naaccrName="Reg-Data 02"
            length="2"
            recordTypes="A,M,C,I"
            parentXmlElement="Tumor"/>
        <ItemDef naaccrId="regData03"
            naaccrNum="70033"
            naaccrName="Reg-Data 03"
            length="2"
            recordTypes="A,M,C,I"
            parentXmlElement="Tumor"/>
        <ItemDef naaccrId="regData04"
            naaccrNum="70034"
            naaccrName="Reg-Data 04"
            length="2"
            recordTypes="A,M,C,I"
            parentXmlElement="Tumor"/>
        <ItemDef naaccrId="regData05"
            naaccrNum="70035"
            naaccrName="Reg-Data 05"
            length="2"
            recordTypes="A,M,C,I"
            parentXmlElement="Tumor"/>
        <ItemDef naaccrId="regData06"
            naaccrNum="70036"
            naaccrName="Reg-Data 06"
            length="2"
            recordTypes="A,M,C,I"
            parentXmlElement="Tumor"/>
        <ItemDef naaccrId="regData07"
            naaccrNum="70037"
            naaccrName="Reg-Data 07"
            length="2"
            recordTypes="A,M,C,I"
            parentXmlElement="Tumor"/>
        <ItemDef naaccrId="regData08"
            naaccrNum="70038"
            naaccrName="Reg-Data 08"
            length="2"
            recordTypes="A,M,C,I"
            parentXmlElement="Tumor"/>
        <ItemDef naaccrId="regData09"
            naaccrNum="70039"
            naaccrName="Reg-Data 09"
            length="2"
            recordTypes="A,M,C,I"
            parentXmlElement="Tumor"/>
        <ItemDef naaccrId="regData10"
            naaccrNum="70040"
            naaccrName="Reg-Data 10"
            length="2"
            recordTypes="A,M,C,I"
            parentXmlElement="Tumor"/>
        <ItemDef naaccrId="regionId"
            naaccrNum="70041"
            naaccrName="Region ID"
            length="2"
            recordTypes="A,M,C,I"
            parentXmlElement="Tumor"/>
        <ItemDef naaccrId="religion"
            naaccrNum="260"
            naaccrName="Religion"
            length="2"
            recordTypes="A,M,C,I"
            parentXmlElement="Tumor"/>
        <ItemDef naaccrId="rxDateTranspEndo"
            naaccrNum="70043"
            naaccrName="RX Date Transp Endo"
            length="8"
            recordTypes="A,M,C,I"
            parentXmlElement="Tumor"/>
        <ItemDef naaccrId="rxDateTranspEndoFlag"
            naaccrNum="70044"
            naaccrName="RX Date Transp Endo Flag"
            length="2"
            recordTypes="A,M,C,I"
            parentXmlElement="Tumor"/>
        <ItemDef naaccrId="rxTextSurgery1"
            naaccrNum="70066"
            naaccrName="RX Text Surgery 1"
            length="333"
            recordTypes="A,M,C,I"
            parentXmlElement="Tumor"/>
        <ItemDef naaccrId="rxTextSurgery2"
            naaccrNum="70067"
            naaccrName="RX Text Surgery 2"
            length="333"
            recordTypes="A,M,C,I"
            parentXmlElement="Tumor"/>
        <ItemDef naaccrId="rxTextSurgery3"
            naaccrNum="70068"
            naaccrName="RX Text Surgery 3"
            length="333"
            recordTypes="A,M,C,I"
            parentXmlElement="Tumor"/>
        <ItemDef naaccrId="scopeLnProc1"
            naaccrNum="70045"
            naaccrName="Scope LN Proc 1"
            length="1"
            recordTypes="A,M,C,I"
            parentXmlElement="Tumor"/>
        <ItemDef naaccrId="scopeLnProc2"
            naaccrNum="70046"
            naaccrName="Scope LN Proc 2"
            length="1"
            recordTypes="A,M,C,I"
            parentXmlElement="Tumor"/>
        <ItemDef naaccrId="scopeLnProc3"
            naaccrNum="70047"
            naaccrName="Scope LN Proc 3"
            length="1"
            recordTypes="A,M,C,I"
            parentXmlElement="Tumor"/>
        <ItemDef naaccrId="sourceComorbidity"
            naaccrNum="9970"
            naaccrName="Source Comorbidity"
            length="1"
            recordTypes="A,M,C,I"
            parentXmlElement="Tumor"/>
        <ItemDef naaccrId="ssnSuffix"
            naaccrNum="70048"
            naaccrName="SSN Suffix"
            length="2"
            recordTypes="A,M,C,I"
            parentXmlElement="Patient"/>
        <ItemDef naaccrId="stageAlternate"
            naaccrNum="70049"
            naaccrName="Stage Alternate"
            length="4"
            recordTypes="A,M,C,I"
            parentXmlElement="Tumor"/>
        <ItemDef naaccrId="surgOtherProc1"
            naaccrNum="70050"
            naaccrName="Surg Other Proc 1"
            length="1"
            recordTypes="A,M,C,I"
            parentXmlElement="Tumor"/>
        <ItemDef naaccrId="surgOtherProc2"
            naaccrNum="70051"
            naaccrName="Surg Other Proc 2"
            length="1"
            recordTypes="A,M,C,I"
            parentXmlElement="Tumor"/>
        <ItemDef naaccrId="surgOtherProc3"
            naaccrNum="70052"
            naaccrName="Surg Other Proc 3"
            length="1"
            recordTypes="A,M,C,I"
            parentXmlElement="Tumor"/>
        <ItemDef naaccrId="surgPrimProc1"
            naaccrNum="70053"
            naaccrName="Surg Prim Proc 1"
            length="2"
            recordTypes="A,M,C,I"
            parentXmlElement="Tumor"/>
        <ItemDef naaccrId="surgPrimProc2"
            naaccrNum="70054"
            naaccrName="Surg Prim Proc 2"
            length="2"
            recordTypes="A,M,C,I"
            parentXmlElement="Tumor"/>
        <ItemDef naaccrId="surgPrimProc3"
            naaccrNum="70055"
            naaccrName="Surg Prim Proc 3"
            length="2"
            recordTypes="A,M,C,I"
            parentXmlElement="Tumor"/>
        <ItemDef naaccrId="textFinalDx"
            naaccrNum="70056"
            naaccrName="Text Final DX"
            length="100"
            recordTypes="A,M"
            parentXmlElement="Tumor"/>
        <ItemDef naaccrId="tobaccoUseCigarettes"
            naaccrNum="9965"
            naaccrName="Tobacco Use Cigarettes"
            length="1"
            recordTypes="A,M,C,I"
            parentXmlElement="Tumor"/>
        <ItemDef naaccrId="tobaccoUseNos"
            naaccrNum="9968"
            naaccrName="Tobacco Use NOS"
            length="1"
            recordTypes="A,M,C,I"
            parentXmlElement="Tumor"/>
        <ItemDef naaccrId="tobaccoUseOtherSmoke"
            naaccrNum="9966"
            naaccrName="Tobacco Use Other Smoke"
            length="1"
            recordTypes="A,M,C,I"
            parentXmlElement="Tumor"/>
        <ItemDef naaccrId="tobaccoUseSmokeless"
            naaccrNum="9967"
            naaccrName="Tobacco Use Smokeless"
            length="1"
            recordTypes="A,M,C,I"
            parentXmlElement="Tumor"/>
        <ItemDef naaccrId="transmitVendorVersion"
            naaccrNum="70057"
            naaccrName="Transmit Vendor Version"
            length="10"
            recordTypes="A,M,C,I"
            parentXmlElement="Tumor"/>
        <ItemDef naaccrId="transpEndoHosp"
            naaccrNum="70058"
            naaccrName="Transp Endo Hosp"
            length="2"
            recordTypes="A,M,C,I"
            parentXmlElement="Tumor"/>
        <ItemDef naaccrId="treatmentHospitalNumberProc1"
            naaccrNum="70059"
            naaccrName="Treatment Hospital Number Procedure 1"
            length="10"
            recordTypes="A,M,C,I"
            parentXmlElement="Tumor"/>
        <ItemDef naaccrId="treatmentHospitalNumberProc2"
            naaccrNum="70060"
            naaccrName="Treatment Hospital Number Procedure 2"
            length="10"
            recordTypes="A,M,C,I"
            parentXmlElement="Tumor"/>
        <ItemDef naaccrId="treatmentHospitalNumberProc3"
            naaccrNum="70061"
            naaccrName="Treatment Hospital Number Procedure 3"
            length="10"
            recordTypes="A,M,C,I"
            parentXmlElement="Tumor"/>
        <ItemDef naaccrId="tumorMarkerCa1"
            naaccrNum="70062"
            naaccrName="Tumor Marker CA 1"
            length="1"
            recordTypes="A,M,C,I"
            parentXmlElement="Tumor"/>
        <ItemDef naaccrId="typeAdmis"
            naaccrNum="70063"
            naaccrName="Type Admis"
            length="1"
            recordTypes="A,M,C,I"
            parentXmlElement="Tumor"/>
        <ItemDef naaccrId="vendorLicenseNumber"
            naaccrNum="70064"
            naaccrName="Vendor License Number"
            length="10"
            recordTypes="A,M,C,I"
            parentXmlElement="Tumor"/>
        <ItemDef naaccrId="weight"
            naaccrNum="9961"
            naaccrName="Weight"
            length="3"
            recordTypes="A,M,C,I"
            parentXmlElement="Tumor"/>
        <ItemDef naaccrId="yearFirstSeen"
            naaccrNum="620"
            naaccrName="Year First Seen"
            length="4"
            recordTypes="A,M,C,I"
            parentXmlElement="Tumor"/>
    </ItemDefs>
</NaaccrDictionary>