<NaaccrDictionary xmlns="http://naaccr.org/naaccrxml" dictionaryUri="https://portal.ct.gov/naaccrxml/ctr-naaccr-dictionary-220-v2.xml" naaccrVersion="220" specificationVersion="1.4" description="CTR State/Requestor items dictionary">
    <ItemDefs>
        <ItemDef naaccrId="firstPositiveCovid19Test" naaccrNum="9750" naaccrName="First Positive COVID-19 Test" length="1" recordTypes="A,M,C,I" parentXmlElement="Patient"/>
        <ItemDef naaccrId="covid19DelayRxPlan" naaccrNum="9752" naaccrName="COVID-19 Delay Rx Plan" length="1" recordTypes="A,M,C,I" parentXmlElement="Tumor"/>
        <ItemDef naaccrId="covid19WorkUpDelay" naaccrNum="9753" naaccrName="COVID-19 Work-Up Delay" length="1" recordTypes="A,M,C,I" parentXmlElement="Tumor"/>
        <ItemDef naaccrId="covid19RelatedCod" naaccrNum="9754" naaccrName="COVID-19 Related COD" length="1" recordTypes="A,M,C,I" parentXmlElement="Patient"/>
        <ItemDef naaccrId="hospitalizationForCovid19" naaccrNum="9755" naaccrName="Hospitalization for COVID-19" length="1" recordTypes="A,M,C,I" parentXmlElement="Patient"/>
        <ItemDef naaccrId="covid19VentilatorStatus" naaccrNum="9756" naaccrName="COVID-19 Ventilator Status" length="1" recordTypes="A,M,C,I" parentXmlElement="Patient"/>
        <ItemDef naaccrId="height" naaccrNum="9960" naaccrName="Height" length="2" recordTypes="A,M,C,I" parentXmlElement="Tumor"/>
        <ItemDef naaccrId="weight" naaccrNum="9961" naaccrName="Weight" length="3" recordTypes="A,M,C,I" parentXmlElement="Tumor"/>
        <ItemDef naaccrId="tobaccoUseCigarettes" naaccrNum="9965" naaccrName="Tobacco Use Cigarettes" length="1" recordTypes="A,M,C,I" parentXmlElement="Tumor"/>
        <ItemDef naaccrId="tobaccoUseOtherSmoke" naaccrNum="9966" naaccrName="Tobacco Use Other Smoke" length="1" recordTypes="A,M,C,I" parentXmlElement="Tumor"/>
        <ItemDef naaccrId="tobaccoUseSmokeless" naaccrNum="9967" naaccrName="Tobacco Use Smokeless" length="1" recordTypes="A,M,C,I" parentXmlElement="Tumor"/>
        <ItemDef naaccrId="tobaccoUseNos" naaccrNum="9968" naaccrName="Tobacco Use NOS" length="1" recordTypes="A,M,C,I" parentXmlElement="Tumor"/>
        <ItemDef naaccrId="sourceComorbidity" naaccrNum="9969" naaccrName="Source Comorbidity" length="1" recordTypes="A,M,C,I" parentXmlElement="Tumor"/>
        <ItemDef naaccrId="tobaccoHistory" naaccrNum="340" naaccrName="Tobacco History" length="1" recordTypes="A,M,C,I" parentXmlElement="Tumor"/>
        <ItemDef naaccrId="familyHistoryOfCancer" naaccrNum="360" naaccrName="Family History Of Cancer" length="1" recordTypes="A,M,C,I" parentXmlElement="Tumor"/>
    </ItemDefs>
</NaaccrDictionary>