<NaaccrDictionary xmlns="http://naaccr.org/naaccrxml" dictionaryUri="https://www.kumc.edu/kcr/Kansas-naaccr-dictionary-210-v1.xml" naaccrVersion="210" specificationVersion="1.4" description="Kansas-Specific Data Items for the Kansas Cancer Registry User Dictionary">
<ItemDefs>
<ItemDef naaccrId="familyRelationship1" naaccrNum="10771" naaccrName="Family Relationship 1" length="1" recordTypes="A,M,C,I" parentXmlElement="Tumor"/>
<ItemDef naaccrId="familyRelationship1Site" naaccrNum="10772" naaccrName="Family Relationship 1 Site" length="3" recordTypes="A,M,C,I" parentXmlElement="Tumor"/>
<ItemDef naaccrId="familyRelationship2" naaccrNum="10773" naaccrName="Family Relationship 2" length="1" recordTypes="A,M,C,I" parentXmlElement="Tumor"/>
<ItemDef naaccrId="familyRelationship2Site" naaccrNum="10774" naaccrName="Family Relationhip 2 Site" length="3" recordTypes="A,M,C,I" parentXmlElement="Tumor"/>
<ItemDef naaccrId="familyRelationship3" naaccrNum="10775" naaccrName="Family Relationhip 3" length="1" recordTypes="A,M,C,I" parentXmlElement="Tumor"/>
<ItemDef naaccrId="familyRelationship3Site" naaccrNum="10776" naaccrName="Family Relationhip 3 Site" length="3" recordTypes="A,M,C,I" parentXmlElement="Tumor"/>
<ItemDef naaccrId="otherPrimarySite1" naaccrNum="10777" naaccrName="Other Primary Site 1" length="3" recordTypes="A,M,C,I" parentXmlElement="Tumor"/>
<ItemDef naaccrId="otherPrimarySeq1" naaccrNum="10778" naaccrName="Other Primary Seq 1" length="2" recordTypes="A,M,C,I" parentXmlElement="Tumor"/>
<ItemDef naaccrId="otherPrimaryDate1" naaccrNum="10779" naaccrName="Other Primary Date 1" length="6" recordTypes="A,M,C,I" parentXmlElement="Tumor"/>
<ItemDef naaccrId="otherPrimarySite2" naaccrNum="10780" naaccrName="Other Primary Site 2" length="3" recordTypes="A,M,C,I" parentXmlElement="Tumor"/>
<ItemDef naaccrId="otherPrimarySeq2" naaccrNum="10781" naaccrName="Other Primary Seq 2" length="2" recordTypes="A,M,C,I" parentXmlElement="Tumor"/>
<ItemDef naaccrId="otherPrimaryDate2" naaccrNum="10782" naaccrName="Other Primary Date 2" length="6" recordTypes="A,M,C,I" parentXmlElement="Tumor"/>
<ItemDef naaccrId="abortionHistory" naaccrNum="10783" naaccrName="Abortion History" length="1" recordTypes="A,M,C,I" parentXmlElement="Tumor"/>
<ItemDef naaccrId="tobaccoHistory" naaccrNum="10784" naaccrName="Tobacco History" length="1" recordTypes="A,M,C,I" parentXmlElement="Tumor"/>
<ItemDef naaccrId="StudyID1" naaccrNum="10785" naaccrName="Study Identifier that Patient is Participating in 1" length="50" recordTypes="A,M,C,I" parentXmlElement="Tumor"/>
<ItemDef naaccrId="StudyDate1" naaccrNum="10786" naaccrName="Date Patient was Enrolled in Study 1" length="8" recordTypes="A,M,C,I" parentXmlElement="Tumor"/>
<ItemDef naaccrId="StudyID2" naaccrNum="10787" naaccrName="Study Identifier that Patient is Participating in 2" length="50" recordTypes="A,M,C,I" parentXmlElement="Tumor"/>
<ItemDef naaccrId="StudyDate2" naaccrNum="10788" naaccrName="Date Patient was Enrolled in Study 2" length="8" recordTypes="A,M,C,I" parentXmlElement="Tumor"/>
<ItemDef naaccrId="StudyID3" naaccrNum="10789" naaccrName="Study Identifier that Patient is Participating in 3" length="50" recordTypes="A,M,C,I" parentXmlElement="Tumor"/>
<ItemDef naaccrId="StudyDate3" naaccrNum="10790" naaccrName="Date Patient was Enrolled in Study 3" length="8" recordTypes="A,M,C,I" parentXmlElement="Tumor"/>
<ItemDef naaccrId="ContactPermission" naaccrNum="10791" naaccrName="Has Patient Approved Contacting About Future Studies" length="1" recordTypes="A,M,C,I" parentXmlElement="Tumor"/>

</ItemDefs>
<GroupedItemDefs/>
</NaaccrDictionary>