<?xml version="1.0"?>

<NaaccrDictionary dictionaryUri="https://phpa.health.maryland.gov/cancer/maryland-naaccr-dictionary-220-v1.xml"
            naaccrVersion="220"
            specificationVersion="1.4"
            description="Maryland Specific NAACCR XML Dictionary V22"
            xmlns="http://naaccr.org/naaccrxml">
    <ItemDefs>
        <ItemDef naaccrId="phyLastNameMD"
            naaccrNum="9500"
            naaccrName="Physician Last Name - MD"
            length="25"
            recordTypes="A,M"
            parentXmlElement="Tumor"/>
        <ItemDef naaccrId="phyFirstNameMD"
            naaccrNum="9501"
            naaccrName="Physician First Name - MD"
            length="14"
            recordTypes="A,M"
            parentXmlElement="Tumor"/>
        <ItemDef naaccrId="phyMidNameMD"
            naaccrNum="9502"
            naaccrName="Physician Middle Name - MD"
            length="14"
            recordTypes="A,M"
            parentXmlElement="Tumor"/>
        <ItemDef naaccrId="phySpecialityMD"
            naaccrNum="9503"
            naaccrName="Physician Specialty - MD"
            length="25"
            recordTypes="A,M"
            parentXmlElement="Tumor"/>
        <ItemDef naaccrId="dedupDate"
            naaccrNum="9595"
            naaccrName="Deduplication Date - MD"
            length="8"
            recordTypes="A,M"
            parentXmlElement="Patient"
            dataType="date"/>
        <ItemDef naaccrId="repFacilityMD10Num"
            naaccrNum="9596"
            naaccrName="Reporting Facility 10 - MD"
            length="10"
            recordTypes="A,M"
            parentXmlElement="Tumor"
            dataType="digits"/>
        <ItemDef naaccrId="repFacilityMD5Num"
            naaccrNum="9597"
            naaccrName="Reporting Facility 5 - MD"
            length="5"
            recordTypes="A,M"
            parentXmlElement="Tumor"
            dataType="digits"/>
        <ItemDef naaccrId="contactPatientMD"
            naaccrNum="9598"
            naaccrName="Contact Patient - MD"
            length="3"
            recordTypes="A,M"
            parentXmlElement="Patient"
            dataType="digits"/>
        <ItemDef naaccrId="dxPostalZipPriorMD"
            naaccrNum="9599"
            naaccrName="Dx Postal Zip Prior - MD"
            length="10"
            recordTypes="A,M"
            parentXmlElement="Tumor"
            dataType="digits"/>
        <ItemDef naaccrId="dxCountyPriorMDnum"
            naaccrNum="9600"
            naaccrName="Dx County Prior - MD"
            length="3"
            recordTypes="A,M"
            parentXmlElement="Tumor"
            dataType="digits"/>
        <ItemDef naaccrId="dxNumAndStNew"
            naaccrNum="9601"
            naaccrName="Dx Num and Street New - MD"
            length="40"
            recordTypes="A,M"
            parentXmlElement="Tumor"/>
        <ItemDef naaccrId="eccFlag"
            naaccrNum="12010"
            naaccrName="ECC Flag"
            length="1"
            recordTypes="A,M,C,I"
            parentXmlElement="Tumor"/>
    </ItemDefs>
</NaaccrDictionary>