<?xml version="1.0"?>

<NaaccrDictionary dictionaryUri="https://dphhs.mt.gov/publichealth/Cancer/TumorRegistry/Montana-Central-Tumor-Registry-XML-Data-Dictionary-220-v1-09-15-21.xml"
			naaccrVersion="220"
			specificationVersion="1.4"
			description="Montana Central Tumor Registry XML User Dictionary 09-15-2021"
			xmlns="http://naaccr.org/naaccrxml">
	<ItemDefs>
		<ItemDef naaccrId="geocodedStreetAddress"
			naaccrNum="11540"
			naaccrName="geocoded street address"
			length="60"
			recordTypes="A,M,C,I"
			parentXmlElement="Tumor"
			trim="none"/>
		<ItemDef naaccrId="geocodedSupplementalAddress"
			naaccrNum="11541"
			naaccrName="geocoded supplemental address"
			length="60"
			recordTypes="A,M,C,I"
			parentXmlElement="Tumor"
			trim="none"/>
		<ItemDef naaccrId="geocodedCity"
			naaccrNum="11542"
			naaccrName="geocoded city"
			length="50"
			recordTypes="A,M,C,I"
			parentXmlElement="Tumor"
			trim="none"/>
		<ItemDef naaccrId="geocodedState"
			naaccrNum="11543"
			naaccrName="geocoded state"
			length="2"
			recordTypes="A,M,C,I"
			parentXmlElement="Tumor"
			trim="none"/>
		<ItemDef naaccrId="geocodedZip"
			naaccrNum="11544"
			naaccrName="geocoded zip"
			length="9"
			recordTypes="A,M,C,I"
			parentXmlElement="Tumor"
			trim="none"/>
		<ItemDef naaccrId="dateOfGeocode"
			naaccrNum="11545"
			naaccrName="date of geocode"
			length="8"
			recordTypes="A,M,C,I"
			parentXmlElement="Tumor"
			trim="none"/>
		<ItemDef naaccrId="atsdrLibbyLinkage"
			naaccrNum="11546"
			naaccrName="atsdr-libby linkage"
			length="1"
			recordTypes="A,M,C,I"
			parentXmlElement="Tumor"
			trim="none"/>
		<ItemDef naaccrId="dateOfAtsdrLibbyLinkage"
			naaccrNum="11547"
			naaccrName="date of atsdr-libby linkage"
			length="8"
			recordTypes="A,M,C,I"
			parentXmlElement="Tumor"
			trim="none"/>
		<ItemDef naaccrId="tobaccoHistory"
			naaccrNum="340"
			naaccrName="Tobacco History"
			length="1"
			recordTypes="A,M,C,I"
			parentXmlElement="Tumor"
			trim="none"/>
		<ItemDef naaccrId="alcoholHistory"
			naaccrNum="350"
			naaccrName="Alcohol History"
			length="1"
			recordTypes="A,M,C,I"
			parentXmlElement="Tumor"
			trim="none"/>
		<ItemDef naaccrId="describePlaceOfDeath"
			naaccrNum="21944"
			naaccrName="Describe Place of Death"
			length="20"
			recordTypes="A,M,C,I"
			parentXmlElement="Patient"
			trim="none"/>
		<ItemDef naaccrId="ndiLinkage"
			naaccrNum="42117"
			naaccrName="NDI Linkage"
			length="1"
			recordTypes="A,M,C,I"
			parentXmlElement="Patient"
			trim="none"/>
		<ItemDef naaccrId="ndiLinkageDate"
			naaccrNum="92117"
			naaccrName="NDI Linkage Date"
			length="8"
			recordTypes="A,M,C,I"
			parentXmlElement="Patient"
			trim="none"/>
	</ItemDefs>
</NaaccrDictionary>
