﻿<?xml version="1.0" encoding="utf-8"?>
<NaaccrDictionary dictionaryUri="http://health.ny.gov/nys-naaccr-dictionary-220.xml"
                  naaccrVersion="220"
                  specificationVersion="1.5"
                  description="New York State Cancer Registry User Dictionary for NAACCR v22"
                  dateLastModified="2021-09-30T14:24:04.648-04:00"
                  xmlns="http://naaccr.org/naaccrxml">
	<ItemDefs>
		<ItemDef naaccrId="nySourceType"
			naaccrNum="9521"
			naaccrName="Source Type / Facility Type"
			length="2"
			recordTypes="A,M,C,I"
			parentXmlElement="Tumor"
			dataType="digits"
			padding="leftZero"
			trim="all" />
		<ItemDef naaccrId="nyServiceType"
			naaccrNum="9522"
			naaccrName="Service Type"
			length="2"
			recordTypes="A,M,C,I"
			parentXmlElement="Tumor"
			dataType="digits"
			padding="leftZero"
			trim="all" />
		<ItemDef naaccrId="nyFacilityId"
			naaccrNum="9523"
			naaccrName="Facility ID"
			length="11"
			recordTypes="A,M,C,I"
			parentXmlElement="Tumor"
			dataType="text"
			padding="rightBlank"
			trim="all" />
		<ItemDef naaccrId="nyPatientControlNumber"
			naaccrNum="9524"
			naaccrName="Patient Control Number"
			length="20"
			recordTypes="A,M,C,I"
			parentXmlElement="Tumor"
			dataType="text"
			padding="rightBlank"
			trim="all" />
		<ItemDef naaccrId="nyPathReportAvailable"
			naaccrNum="9525"
			naaccrName="Path Report Available"
			length="1"
			recordTypes="A,M,C,I"
			parentXmlElement="Tumor"
			dataType="text"
			padding="rightBlank"
			trim="all" />
		<ItemDef naaccrId="nyPidPatientkey"
			naaccrNum="9532"
			naaccrName="Pid-Patientkey"
			length="20"
			recordTypes="A,M,C,I"
			parentXmlElement="Tumor"
			dataType="text"
			padding="rightBlank"
			trim="all" />
		<ItemDef naaccrId="nyTobaccoHistory"
			naaccrNum="9536"
			naaccrName="NYS Tobacco History"
			length="1"
			recordTypes="A,M,C,I"
			parentXmlElement="Tumor"
			dataType="text"
			padding="rightBlank"
			trim="all" />
		<ItemDef naaccrId="nyManagingPhysicianFirstName"
			naaccrNum="9540"
			naaccrName="Managing Physician First Name"
			length="40"
			recordTypes="A,M,C,I"
			parentXmlElement="Tumor"
			dataType="text"
			padding="rightBlank"
			trim="all" />
		<ItemDef naaccrId="nyManagingPhysicianLastName"
			naaccrNum="9541"
			naaccrName="Managing Physician Last Name"
			length="40"
			recordTypes="A,M,C,I"
			parentXmlElement="Tumor"
			dataType="text"
			padding="rightBlank"
			trim="all" />
		<ItemDef naaccrId="nyManagingPhysicianAddress"
			naaccrNum="9542"
			naaccrName="Managing Physician Address"
			length="60"
			recordTypes="A,M,C,I"
			parentXmlElement="Tumor"
			dataType="text"
			padding="rightBlank"
			trim="all" />
		<ItemDef naaccrId="nyManagingPhysicianCity"
			naaccrNum="9543"
			naaccrName="Managing Physician City"
			length="50"
			recordTypes="A,M,C,I"
			parentXmlElement="Tumor"
			dataType="text"
			padding="rightBlank"
			trim="all" />
		<ItemDef naaccrId="nyManagingPhysicianState"
			naaccrNum="9544"
			naaccrName="Managing Physician State"
			length="2"
			recordTypes="A,M,C,I"
			parentXmlElement="Tumor"
			dataType="text"
			padding="rightBlank"
			trim="all" />
		<ItemDef naaccrId="nyManagingPhysicianZip"
			naaccrNum="9545"
			naaccrName="Managing Physician Zip"
			length="9"
			recordTypes="A,M,C,I"
			parentXmlElement="Tumor"
			dataType="text"
			padding="rightBlank"
			trim="all" />
		<ItemDef naaccrId="nyManagingPhysicianPhoneNum"
			naaccrNum="9546"
			naaccrName="Managing Physician Phone Num"
			length="10"
			recordTypes="A,M,C,I"
			parentXmlElement="Tumor"
			dataType="text"
			padding="rightBlank"
			trim="all" />
		<ItemDef naaccrId="nyParentsPhoneNum"
			naaccrNum="9547"
			naaccrName="Parents Phone Num"
			length="10"
			recordTypes="A,M,C,I"
			parentXmlElement="Patient"
			dataType="text"
			padding="rightBlank"
			trim="all" />
		<ItemDef naaccrId="nyPaperReportReceiveDate"
			naaccrNum="9548"
			naaccrName="Paper Report Receive Date"
			length="8"
			recordTypes="A,M,C,I"
			parentXmlElement="Tumor"
			dataType="date"
			padding="rightBlank"
			trim="all" />
		<ItemDef naaccrId="nyDohReceiveDate"
			naaccrNum="9549"
			naaccrName="DOH Receive Date"
			length="8"
			recordTypes="A,M,C,I"
			parentXmlElement="Tumor"
			dataType="date"
			padding="rightBlank"
			trim="all" />
		<ItemDef naaccrId="nySourcekey"
			naaccrNum="9550"
			naaccrName="Sourcekey"
			length="10"
			recordTypes="A,M,C,I"
			parentXmlElement="Tumor"
			dataType="text"
			padding="rightBlank"
			trim="all" />
    </ItemDefs>
</NaaccrDictionary>
