<?xml version="1.0" encoding="ISO-8859-1"?>
<NaaccrDictionary xmlns="http://naaccr.org/naaccrxml" description="Ontario Cancer Registry 21 user dictionary" specificationVersion="1.4" naaccrVersion="210" dictionaryUri="https://ontariohealth.ca/ontario-cancer-registry/ocr-naaccr-dictionary-210-v1.xml">
<ItemDefs>
<ItemDef trim="" padding="" dataType="" recordTypes="A,M,C,I" parentXmlElement="Tumor" length="30" naaccrId="pathologistLName" naaccrName="Pathologist Last Name" naaccrNum="7260"/>
<ItemDef trim="" padding="" dataType="" recordTypes="A,M,C,I" parentXmlElement="Tumor" length="30" naaccrId="pathologistFName" naaccrName="Pathologist First Name" naaccrNum="7270"/>
<ItemDef trim="" padding="" dataType="" recordTypes="A,M,C,I" parentXmlElement="Tumor" length="30" naaccrId="pathologistMName" naaccrName="Pathologist Middle Name" naaccrNum="7280"/>
<ItemDef trim="" padding="" dataType="" recordTypes="A,M,C,I" parentXmlElement="Tumor" length="5" naaccrId="pathologistID" naaccrName="Pathologist ID" naaccrNum="7300"/>
<ItemDef trim="" padding="" dataType="" recordTypes="A,M,C,I" parentXmlElement="Tumor" length="12" naaccrId="msgRecdDateTime" naaccrName="Message Received Date" naaccrNum="7490"/>
<ItemDef trim="" padding="" dataType="" recordTypes="A,M,C,I" parentXmlElement="Tumor" length="8" naaccrId="reportDate" naaccrName="Report Date" naaccrNum="7530"/>
<ItemDef trim="" padding="" dataType="" recordTypes="A,M,C,I" parentXmlElement="Patient" length="4" naaccrId="cardHINVersion" naaccrName="HIN Version" naaccrNum="9001"/>
<ItemDef trim="" padding="" dataType="" recordTypes="A,M,C,I" parentXmlElement="Patient" length="4" naaccrId="cardHINIssuer" naaccrName="HIN Issuer" naaccrNum="9002"/>
<ItemDef trim="" padding="" dataType="" recordTypes="A,M,C,I" parentXmlElement="Tumor" length="1" naaccrId="reportStatus" naaccrName="Report Status" naaccrNum="9003"/>
<ItemDef trim="" padding="" dataType="" recordTypes="A,M,C,I" parentXmlElement="Tumor" length="1" naaccrId="edwLoadFlag" naaccrName="EDW Load Flag" naaccrNum="9004"/>
<ItemDef trim="" padding="" dataType="" recordTypes="A,M,C,I" parentXmlElement="Tumor" length="11" naaccrId="refFromMRN" naaccrName="Referred-from MRN" naaccrNum="9006"/>
<ItemDef trim="" padding="" dataType="" recordTypes="A,M,C,I" parentXmlElement="Patient" length="3" naaccrId="countryCode" naaccrName="Addr at DX--Country code" naaccrNum="9007"/>
<ItemDef trim="" padding="" dataType="" recordTypes="A,M,C,I" parentXmlElement="Tumor" length="32" naaccrId="pimsMessageID" naaccrName="PIMS Message ID" naaccrNum="9008"/>
<ItemDef trim="" padding="" dataType="" recordTypes="A,M,C,I" parentXmlElement="Tumor" length="20" naaccrId="pimsPathID" naaccrName="PIMS Path ID" naaccrNum="9009"/>
<ItemDef trim="" padding="" dataType="" recordTypes="A,M,C,I" parentXmlElement="Tumor" length="4" naaccrId="transFacility" naaccrName="Transmitting Facility" naaccrNum="9010"/>
<ItemDef trim="" padding="" dataType="" recordTypes="A,M,C,I" parentXmlElement="Tumor" length="30" naaccrId="surgeonLName" naaccrName="Surgeon Last Name" naaccrNum="9011"/>
<ItemDef trim="" padding="" dataType="" recordTypes="A,M,C,I" parentXmlElement="Tumor" length="30" naaccrId="surgeonFName" naaccrName="Surgeon First Name" naaccrNum="9012"/>
<ItemDef trim="" padding="" dataType="" recordTypes="A,M,C,I" parentXmlElement="Tumor" length="3" naaccrId="timeCompleted" naaccrName="Time Completed" naaccrNum="9190"/>
<ItemDef trim="" padding="" dataType="" recordTypes="A,M,C,I" parentXmlElement="Patient" length="10" naaccrId="cardHIN" naaccrName="Health Identification Number" naaccrNum="9200"/>
<ItemDef trim="" padding="" dataType="" recordTypes="A,M,C,I" parentXmlElement="Patient" length="9" naaccrId="groupNo" naaccrName="Group No" naaccrNum="9210"/>
<ItemDef trim="" padding="" dataType="" recordTypes="A,M,C,I" parentXmlElement="Patient" length="4" naaccrId="surgeryHosp" naaccrName="Collected Facility" naaccrNum="9220"/>
<ItemDef trim="" padding="" dataType="" recordTypes="A,M,C,I" parentXmlElement="Patient" length="11" naaccrId="medicalRecNoS" naaccrName="Collected MRN" naaccrNum="9230"/>
<ItemDef trim="" padding="" dataType="" recordTypes="A,M,C,I" parentXmlElement="Patient" length="4" naaccrId="diagnosticHosp" naaccrName="Diagnosis Facility" naaccrNum="9240"/>
<ItemDef trim="" padding="" dataType="" recordTypes="A,M,C,I" parentXmlElement="Patient" length="11" naaccrId="medicalRecNoD" naaccrName="Diagnosis MRN" naaccrNum="9250"/>
<ItemDef trim="" padding="" dataType="" recordTypes="A,M,C,I" parentXmlElement="Patient" length="2" naaccrId="lhinCode" naaccrName="LHIN Code" naaccrNum="9300"/>
<ItemDef trim="" padding="" dataType="" recordTypes="A,M,C,I" parentXmlElement="Tumor" length="4" naaccrId="timeStarted" naaccrName="Time Started" naaccrNum="9310"/>
<ItemDef trim="" padding="" dataType="" recordTypes="A,M,C,I" parentXmlElement="Tumor" length="4" naaccrId="timeEnded" naaccrName="Time Ended" naaccrNum="9320"/>
<ItemDef trim="" padding="" dataType="" recordTypes="A,M,C,I" parentXmlElement="Patient" length="38" naaccrId="personID" naaccrName="Person ID" naaccrNum="9480"/>
<ItemDef trim="" padding="" dataType="" recordTypes="A,M,C,I" parentXmlElement="Tumor" length="1" naaccrId="consultIndicator" naaccrName="Consult Indicator" naaccrNum="9490"/>
<ItemDef trim="" padding="" dataType="" recordTypes="A,M,C,I" parentXmlElement="Patient" length="1" naaccrId="pathPreFlag" naaccrName="Path Flag" naaccrNum="9500"/>
<ItemDef trim="" padding="" dataType="" recordTypes="A,M,C,I" parentXmlElement="Patient" length="6" naaccrId="postalCode" naaccrName="Postal Code" naaccrNum="9510"/>
<ItemDef trim="" padding="" dataType="" recordTypes="A,M,C,I" parentXmlElement="Tumor" length="10" naaccrId="careFacility1" naaccrName="Care Facility 1" naaccrNum="9520"/>
<ItemDef trim="" padding="" dataType="" recordTypes="A,M,C,I" parentXmlElement="Tumor" length="10" naaccrId="careFacility2" naaccrName="Care Facility 2" naaccrNum="9530"/>
<ItemDef trim="" padding="" dataType="" recordTypes="A,M,C,I" parentXmlElement="Tumor" length="10" naaccrId="careFacility3" naaccrName="Care Facility 3" naaccrNum="9540"/>
<ItemDef trim="" padding="" dataType="" recordTypes="A,M,C,I" parentXmlElement="Tumor" length="10" naaccrId="careFacility4" naaccrName="Care Facility 4" naaccrNum="9550"/>
<ItemDef trim="" padding="" dataType="" recordTypes="A,M,C,I" parentXmlElement="Tumor" length="10" naaccrId="careFacility5" naaccrName="Care Facility 5" naaccrNum="9560"/>
<ItemDef trim="" padding="" dataType="" recordTypes="A,M,C,I" parentXmlElement="Tumor" length="10" naaccrId="careFacility6" naaccrName="Care Facility 6" naaccrNum="9570"/>
<ItemDef trim="" padding="" dataType="" recordTypes="A,M,C,I" parentXmlElement="Tumor" length="10" naaccrId="careFacility7" naaccrName="Care Facility 7" naaccrNum="9580"/>
<ItemDef trim="" padding="" dataType="" recordTypes="A,M,C,I" parentXmlElement="Tumor" length="10" naaccrId="careFacility8" naaccrName="Care Facility 8" naaccrNum="9590"/>
<ItemDef trim="" padding="" dataType="" recordTypes="A,M,C,I" parentXmlElement="Tumor" length="38" naaccrId="caseKey" naaccrName="Case Key" naaccrNum="9600"/>
<ItemDef trim="" padding="" dataType="" recordTypes="A,M,C,I" parentXmlElement="Tumor" length="38" naaccrId="firstCaseKey" naaccrName="First Case Key" naaccrNum="9610"/>
<ItemDef trim="" padding="" dataType="" recordTypes="A,M,C,I" parentXmlElement="Tumor" length="2" naaccrId="ineligibleCode" naaccrName="Ineligible Code" naaccrNum="9640"/>
</ItemDefs>
</NaaccrDictionary>