<?xml version="1.0"?>

<NaaccrDictionary dictionaryUri="http://uofuhealth.utah.edu/utah-cancer-registry/ucr-naaccr-dictionary-220-v2.xml"
            naaccrVersion="220"
            specificationVersion="1.4"
            description="Utah Cancer Registry State-Specific Data Item Dictionary UCRv2"
            xmlns="http://naaccr.org/naaccrxml">
    <ItemDefs>
        <ItemDef naaccrId="hbocGeneticCounselingReferral"
            naaccrNum="9262"
            naaccrName="HBOC--Genetic Counseling Referral"
            length="1"
            recordTypes="A,M,C,I"
            parentXmlElement="Tumor"
            dataType="numeric"/>
        <ItemDef naaccrId="hbocGermlineBrcaTesting"
            naaccrNum="9263"
            naaccrName="HBOC--Germline BRCA Testing"
            length="1"
            recordTypes="A,M,C,I"
            parentXmlElement="Tumor"
            dataType="numeric"/>
        <ItemDef naaccrId="hbocGermlineBrca1Results"
            naaccrNum="9264"
            naaccrName="HBOC--Germline BRCA1 Results"
            length="1"
            recordTypes="A,M,C,I"
            parentXmlElement="Tumor"
            dataType="numeric"/>
        <ItemDef naaccrId="hbocGermlineBrca2Results"
            naaccrNum="9265"
            naaccrName="HBOC--Germline BRCA2 Results"
            length="1"
            recordTypes="A,M,C,I"
            parentXmlElement="Tumor"
            dataType="numeric"/>
        <ItemDef naaccrId="hbocGermlineBrcaNosResults"
            naaccrNum="9266"
            naaccrName="HBOC--Germline BRCA NOS Results"
            length="1"
            recordTypes="A,M,C,I"
            parentXmlElement="Tumor"
            dataType="numeric"/>
        <ItemDef naaccrId="hbocGermlineOtherGeneResults"
            naaccrNum="9267"
            naaccrName="HBOC--Germline Other Gene Results, Not BRCA"
            length="1"
            recordTypes="A,M,C,I"
            parentXmlElement="Tumor"
            dataType="numeric"/>
    </ItemDefs>
</NaaccrDictionary>