<?xml version="1.0"?>
<NaaccrDictionary dictionaryUri = "https://adhcancer.arkansas.gov/Documents/arkansas-naaccr-dictionary-230-v1.xml" 
			naaccrVersion = "230" 
			specificationVersion = "1.6" 
			description = "NAACCR v23 Arkansas Central Cancer Registry dictionary" 
			xmlns = "http://naaccr.org/naaccrxml">
	<ItemDefs>
        <ItemDef naaccrId="accrTobaccoHx"
            naaccrNum="340"
            naaccrName="Tobacco History"
            length="1"
            recordTypes="A,M,C,I"
            parentXmlElement="Patient"/>
        <ItemDef naaccrId="accrAlcoholHx"
            naaccrNum="350"
            naaccrName="Alcohol History"
            length="1"
            recordTypes="A,M,C,I"
            parentXmlElement="Patient"/>
        <ItemDef naaccrId="accrFamilyHx"
            naaccrNum="360"
            naaccrName="Family History of Cancer"
            length="1"
            recordTypes="A,M,C,I"
            parentXmlElement="Patient"/>
	<ItemDef naaccrId="accrCaseId"
            naaccrNum="9502"
            naaccrName="Case ID"
            length="10"
            recordTypes="A,M,C,I"
            parentXmlElement="Tumor"
            dataType="digits"
            padding="leftZero"/>
	<ItemDef naaccrId="accrShareLvl"
            naaccrNum="9500"
            naaccrName="Data Exchange Agreement Sharing Indicator"
            length="1"
            recordTypes="A,M,C,I"
            parentXmlElement="Tumor"/>
	<ItemDef naaccrId="accrSeerSiteRecode"
            naaccrNum="9501"
            naaccrName="SEER Site Recode ICD-O-3/WHO 2008"
            length="5"
            recordTypes="A,M,C,I"
            parentXmlElement="Tumor"/>
    </ItemDefs>
    <GroupedItemDefs/>
</NaaccrDictionary>