<NaaccrDictionary xmlns="http://naaccr.org/naaccrxml" dictionaryUri="https://portal.ct.gov/naaccrxml/ctr-naaccr-dictionary-230" naaccrVersion="230" specificationVersion="1.6" description="CTR State/Requestor items dictionary">
    <ItemDefs>
        <ItemDef naaccrId="firstPositiveCovid19Test" naaccrNum="9750" naaccrName="First Positive COVID-19 Test" length="1" recordTypes="A,M,C,I" parentXmlElement="Patient"/>
        <ItemDef naaccrId="covid19DelayRxPlan" naaccrNum="9752" naaccrName="COVID-19 Delay Rx Plan" length="1" recordTypes="A,M,C,I" parentXmlElement="Tumor"/>
        <ItemDef naaccrId="covid19WorkUpDelay" naaccrNum="9753" naaccrName="COVID-19 Work-Up Delay" length="1" recordTypes="A,M,C,I" parentXmlElement="Tumor"/>
        <ItemDef naaccrId="covid19RelatedCod" naaccrNum="9754" naaccrName="COVID-19 Related COD" length="1" recordTypes="A,M,C,I" parentXmlElement="Patient"/>
        <ItemDef naaccrId="hospitalizationForCovid19" naaccrNum="9755" naaccrName="Hospitalization for COVID-19" length="1" recordTypes="A,M,C,I" parentXmlElement="Patient"/>
        <ItemDef naaccrId="covid19VentilatorStatus" naaccrNum="9756" naaccrName="COVID-19 Ventilator Status" length="1" recordTypes="A,M,C,I" parentXmlElement="Patient"/>
        <ItemDef naaccrId="height" naaccrNum="9960" naaccrName="Height" length="2" recordTypes="A,M,C,I" parentXmlElement="Tumor"/>
        <ItemDef naaccrId="weight" naaccrNum="9961" naaccrName="Weight" length="3" recordTypes="A,M,C,I" parentXmlElement="Tumor"/>        
        <ItemDef naaccrId="tobaccoHistory" naaccrNum="340" naaccrName="Tobacco History" length="1" recordTypes="A,M,C,I" parentXmlElement="Tumor"/>
        <ItemDef naaccrId="familyHistoryOfCancer" naaccrNum="360" naaccrName="Family History Of Cancer" length="1" recordTypes="A,M,C,I" parentXmlElement="Tumor"/>
       	<ItemDef naaccrId="SecondaryDiagnosis1" naaccrNum="3780"naaccrName="Seconday Diagnosis 1" length = "7" recordTypes="A,M,C,I" parentXmlElement="Tumor"/>
       	<ItemDef naaccrId="SecondaryDiagnosis2" naaccrNum="3782"naaccrName="Seconday Diagnosis 2" length = "7" recordTypes="A,M,C,I" parentXmlElement="Tumor"/>
       	<ItemDef naaccrId="SecondaryDiagnosis3" naaccrNum="3784"naaccrName="Seconday Diagnosis 3" length = "7" recordTypes="A,M,C,I" parentXmlElement="Tumor"/>
       	<ItemDef naaccrId="SecondaryDiagnosis4" naaccrNum="3786"naaccrName="Seconday Diagnosis 4" length = "7" recordTypes="A,M,C,I" parentXmlElement="Tumor"/>
       	<ItemDef naaccrId="SecondaryDiagnosis5" naaccrNum="3788"naaccrName="Seconday Diagnosis 5" length = "7" recordTypes="A,M,C,I" parentXmlElement="Tumor"/>
       	<ItemDef naaccrId="SecondaryDiagnosis6" naaccrNum="3790"naaccrName="Seconday Diagnosis 6" length = "7" recordTypes="A,M,C,I" parentXmlElement="Tumor"/>
       	<ItemDef naaccrId="SecondaryDiagnosis7" naaccrNum="3792"naaccrName="Seconday Diagnosis 7" length = "7" recordTypes="A,M,C,I" parentXmlElement="Tumor"/>
       	<ItemDef naaccrId="SecondaryDiagnosis8" naaccrNum="3794"naaccrName="Seconday Diagnosis 8" length = "7" recordTypes="A,M,C,I" parentXmlElement="Tumor"/>
       	<ItemDef naaccrId="SecondaryDiagnosis9" naaccrNum="3796"naaccrName="Seconday Diagnosis 9" length = "7" recordTypes="A,M,C,I" parentXmlElement="Tumor"/>
       	<ItemDef naaccrId="SecondaryDiagnosis10" naaccrNum="3798"naaccrName="SecondayDiagnosis 10" length = "7" recordTypes="A,M,C,I" parentXmlElement="Tumor"/>
       	
    </ItemDefs>