<NaaccrDictionary xmlns="http://naaccr.org/naaccrxml" dictionaryUri="https://ndcancer.org/XML/ND-user-defined-naaccr-dictionary-220-v1.xml" naaccrVersion="220" specificationVersion="1.0" description="North Dakota Statewide Cancer Registry 22 user dictionary">
<ItemDefs>
<ItemDef naaccrNum="9607" naaccrName="NDI Link" naaccrId="ndiLink" length="1" parentXmlElement="Patient" recordTypes="A,M,C,I" dataType="text" padding="" trim=""/>
<ItemDef naaccrNum="9606" naaccrName="SSDI Link" naaccrId="ssdiLink" length="1" parentXmlElement="Patient" recordTypes="A,M,C,I" dataType="text" padding="" trim=""/>
<ItemDef naaccrNum="9605" naaccrName="Death Link" naaccrId="deathLink" length="1" parentXmlElement="Patient" recordTypes="A,M,C,I" dataType="text" padding="" trim=""/>
<ItemDef naaccrNum="9960" naaccrName="Height" naaccrId="height" length="2" parentXmlElement="Tumor" recordTypes="A,M,C,I" dataType="text" padding="leftZero" trim=""/>
<ItemDef naaccrNum="9961" naaccrName="Weight" naaccrId="weight" length="3" parentXmlElement="Tumor" recordTypes="A,M,C,I" dataType="text" padding="leftZero" trim=""/>
<ItemDef naaccrNum="9608" naaccrName="Alcohol History" naaccrId="alcoholHx" length="1" parentXmlElement="Tumor" recordTypes="A,M,C,I" dataType="digits" padding="rightBlank" trim=""/>
<ItemDef naaccrNum="9609" naaccrName="Family History of Cancer" naaccrId="familyHx" length="1" parentXmlElement="Tumor" recordTypes="A,M,C,I" dataType="digits" padding="rightBlank" trim=""/>
</ItemDefs>
</NaaccrDictionary>
