<?xml version="1.0" encoding="UTF-8"?>

<!-- invalid because the tumor tag is misspelled -->

<NaaccrData baseDictionaryUri="http://naaccr.org/naaccrxml/naaccr-dictionary-240.xml" recordType="I" specificationVersion="1.7" xmlns="http://naaccr.org/naaccrxml">
    <Item naaccrId="registryId">0000000001</Item>
    <Patient>
        <Item naaccrId="patientIdNumber">00000001</Item>
        <Tumo>
            <Item naaccrId="primarySite">C123</Item>
        </Tumo>
    </Patient>
</NaaccrData>