<?xml version="1.0" encoding="UTF-8"?>

<!-- invalid because the root contains a patient data item -->

<NaaccrData baseDictionaryUri="http://naaccr.org/naaccrxml/naaccr-dictionary-240.xml" recordType="A" specificationVersion="1.7" xmlns="http://naaccr.org/naaccrxml">
    <Item naaccrId="patientIdNumber">00000000</Item>
    <Patient>
        <Item naaccrId="patientIdNumber">00000001</Item>
        <Tumor>
            <Item naaccrId="primarySite">C123</Item>
        </Tumor>
    </Patient>
</NaaccrData>