<?xml version="1.0"?>
  <NaaccrDictionary dictionaryUri = "https://fcds.med.miami.edu/NAACCR-XML/FCDS-NAACCR-Dictionary-250.xml" naaccrVersion = "250" specificationVersion = "1.8" description = "" xmlns = "http://naaccr.org/naaccrxml">
    <ItemDefs>
		<ItemDef naaccrNum="9500" naaccrName="Historical #1: Sequence Number" naaccrId="hist1Seq" length="2" parentXmlElement="Patient" recordTypes="A,M,C,I" dataType="digits" padding="leftZero" />
		<ItemDef naaccrNum="9501" naaccrName="Historical #1: DX Date " naaccrId="hist1DXDate" length="8" parentXmlElement="Patient" recordTypes="A,M,C,I" dataType="date" />
		<ItemDef naaccrNum="9502" naaccrName="Historical #1: Primary Site" naaccrId="hist1PrimarySite" length="4" parentXmlElement="Patient" recordTypes="A,M,C,I" />
		<ItemDef naaccrNum="9503" naaccrName="Historical #1: Morphology" naaccrId="hist1Morphology" length="4" parentXmlElement="Patient" recordTypes="A,M,C,I" dataType="digits" />
		<ItemDef naaccrNum="9504" naaccrName="Historical #1: Behavior" naaccrId="hist1Behavior" length="1" parentXmlElement="Patient" recordTypes="A,M,C,I" dataType="digits" />
		<ItemDef naaccrNum="9505" naaccrName="Historical #1: Laterality" naaccrId="hist1Laterality" length="1" parentXmlElement="Patient" recordTypes="A,M,C,I" dataType="digits" />
		<ItemDef naaccrNum="9506" naaccrName="Historical #1: DX State Abbreviation" naaccrId="hist1DXStateAbbr" length="2" parentXmlElement="Patient" recordTypes="A,M,C,I" dataType="alpha" />
		<ItemDef naaccrNum="9507" naaccrName="Historical #1: DX County FIPS" naaccrId="hist1DXCountyFIPS" length="3" parentXmlElement="Patient" recordTypes="A,M,C,I" dataType="digits" padding="leftZero" />
		<ItemDef naaccrNum="9508" naaccrName="Historical #1: CS SSF25 Discriminator" naaccrId="hist1CSSSF25Disc" length="3" parentXmlElement="Patient" recordTypes="A,M,C,I" dataType="digits" padding="leftZero" />
		<ItemDef naaccrNum="9509" naaccrName="Historical #1: Schema Discriminator 1" naaccrId="hist1SchemaDisc1" length="1" parentXmlElement="Patient" recordTypes="A,M,C,I" />
		<ItemDef naaccrNum="9510" naaccrName="Historical #1: Schema Discriminator 2" naaccrId="hist1SchemaDisc2" length="1" parentXmlElement="Patient" recordTypes="A,M,C,I" />
		<ItemDef naaccrNum="9511" naaccrName="Historical #1: Schema Discriminator 3" naaccrId="hist1SchemaDisc3" length="1" parentXmlElement="Patient" recordTypes="A,M,C,I" />
		<ItemDef naaccrNum="9512" naaccrName="Historical #2: Sequence Number" naaccrId="hist2Seq" length="2" parentXmlElement="Patient" recordTypes="A,M,C,I" dataType="digits" padding="leftZero" />
		<ItemDef naaccrNum="9513" naaccrName="Historical #2: DX Date " naaccrId="hist2DXDate" length="8" parentXmlElement="Patient" recordTypes="A,M,C,I" dataType="date" />
		<ItemDef naaccrNum="9514" naaccrName="Historical #2: Primary Site" naaccrId="hist2PrimarySite" length="4" parentXmlElement="Patient" recordTypes="A,M,C,I" />
		<ItemDef naaccrNum="9515" naaccrName="Historical #2: Morphology" naaccrId="hist2Morphology" length="4" parentXmlElement="Patient" recordTypes="A,M,C,I" dataType="digits" />
		<ItemDef naaccrNum="9516" naaccrName="Historical #2: Behavior" naaccrId="hist2Behavior" length="1" parentXmlElement="Patient" recordTypes="A,M,C,I" dataType="digits" />
		<ItemDef naaccrNum="9517" naaccrName="Historical #2: Laterality" naaccrId="hist2Laterality" length="1" parentXmlElement="Patient" recordTypes="A,M,C,I" dataType="digits" />
		<ItemDef naaccrNum="9518" naaccrName="Historical #2: DX State Abbreviation" naaccrId="hist2DXStateAbbr" length="2" parentXmlElement="Patient" recordTypes="A,M,C,I" dataType="alpha" />
		<ItemDef naaccrNum="9519" naaccrName="Historical #2: DX County FIPS" naaccrId="hist2DXCountyFIPS" length="3" parentXmlElement="Patient" recordTypes="A,M,C,I" dataType="digits" padding="leftZero" />
		<ItemDef naaccrNum="9520" naaccrName="Historical #2: CS SSF25 Discriminator" naaccrId="hist2CSSSF25Disc" length="3" parentXmlElement="Patient" recordTypes="A,M,C,I" dataType="digits" padding="leftZero" />
		<ItemDef naaccrNum="9521" naaccrName="Historical #2: Schema Discriminator 1" naaccrId="hist2SchemaDisc1" length="1" parentXmlElement="Patient" recordTypes="A,M,C,I" />
		<ItemDef naaccrNum="9522" naaccrName="Historical #2: Schema Discriminator 2" naaccrId="hist2SchemaDisc2" length="1" parentXmlElement="Patient" recordTypes="A,M,C,I" />
		<ItemDef naaccrNum="9523" naaccrName="Historical #2: Schema Discriminator 3" naaccrId="hist2SchemaDisc3" length="1" parentXmlElement="Patient" recordTypes="A,M,C,I" />
		<ItemDef naaccrNum="9524" naaccrName="Historical #3: Sequence Number" naaccrId="hist3Seq" length="2" parentXmlElement="Patient" recordTypes="A,M,C,I" dataType="digits" padding="leftZero" />
		<ItemDef naaccrNum="9525" naaccrName="Historical #3: DX Date " naaccrId="hist3DXDate" length="8" parentXmlElement="Patient" recordTypes="A,M,C,I" dataType="date" />
		<ItemDef naaccrNum="9526" naaccrName="Historical #3: Primary Site" naaccrId="hist3PrimarySite" length="4" parentXmlElement="Patient" recordTypes="A,M,C,I" />
		<ItemDef naaccrNum="9527" naaccrName="Historical #3: Morphology" naaccrId="hist3Morphology" length="4" parentXmlElement="Patient" recordTypes="A,M,C,I" dataType="digits" />
		<ItemDef naaccrNum="9528" naaccrName="Historical #3: Behavior" naaccrId="hist3Behavior" length="1" parentXmlElement="Patient" recordTypes="A,M,C,I" dataType="digits" />
		<ItemDef naaccrNum="9529" naaccrName="Historical #3: Laterality" naaccrId="hist3Laterality" length="1" parentXmlElement="Patient" recordTypes="A,M,C,I" dataType="digits" />
		<ItemDef naaccrNum="9530" naaccrName="Historical #3: DX State Abbreviation" naaccrId="hist3DXStateAbbr" length="2" parentXmlElement="Patient" recordTypes="A,M,C,I" dataType="alpha" />
		<ItemDef naaccrNum="9531" naaccrName="Historical #3: DX County FIPS" naaccrId="hist3DXCountyFIPS" length="3" parentXmlElement="Patient" recordTypes="A,M,C,I" dataType="digits" padding="leftZero" />
		<ItemDef naaccrNum="9532" naaccrName="Historical #3: CS SSF25 Discriminator" naaccrId="hist3CSSSF25Disc" length="3" parentXmlElement="Patient" recordTypes="A,M,C,I" dataType="digits" padding="leftZero" />
		<ItemDef naaccrNum="9533" naaccrName="Historical #3: Schema Discriminator 1" naaccrId="hist3SchemaDisc1" length="1" parentXmlElement="Patient" recordTypes="A,M,C,I" />
		<ItemDef naaccrNum="9534" naaccrName="Historical #3: Schema Discriminator 2" naaccrId="hist3SchemaDisc2" length="1" parentXmlElement="Patient" recordTypes="A,M,C,I" />
		<ItemDef naaccrNum="9535" naaccrName="Historical #3: Schema Discriminator 3" naaccrId="hist3SchemaDisc3" length="1" parentXmlElement="Patient" recordTypes="A,M,C,I" />
		<ItemDef naaccrNum="9536" naaccrName="Historical #4: Sequence Number" naaccrId="hist4Seq" length="2" parentXmlElement="Patient" recordTypes="A,M,C,I" dataType="digits" padding="leftZero" />
		<ItemDef naaccrNum="9537" naaccrName="Historical #4: DX Date " naaccrId="hist4DXDate" length="8" parentXmlElement="Patient" recordTypes="A,M,C,I" dataType="date" />
		<ItemDef naaccrNum="9538" naaccrName="Historical #4: Primary Site" naaccrId="hist4PrimarySite" length="4" parentXmlElement="Patient" recordTypes="A,M,C,I" />
		<ItemDef naaccrNum="9539" naaccrName="Historical #4: Morphology" naaccrId="hist4Morphology" length="4" parentXmlElement="Patient" recordTypes="A,M,C,I" dataType="digits" />
		<ItemDef naaccrNum="9540" naaccrName="Historical #4: Behavior" naaccrId="hist4Behavior" length="1" parentXmlElement="Patient" recordTypes="A,M,C,I" dataType="digits" />
		<ItemDef naaccrNum="9541" naaccrName="Historical #4: Laterality" naaccrId="hist4Laterality" length="1" parentXmlElement="Patient" recordTypes="A,M,C,I" dataType="digits" />
		<ItemDef naaccrNum="9542" naaccrName="Historical #4: DX State Abbreviation" naaccrId="hist4DXStateAbbr" length="2" parentXmlElement="Patient" recordTypes="A,M,C,I" dataType="alpha" />
		<ItemDef naaccrNum="9543" naaccrName="Historical #4: DX County FIPS" naaccrId="hist4DXCountyFIPS" length="3" parentXmlElement="Patient" recordTypes="A,M,C,I" dataType="digits" padding="leftZero" />
		<ItemDef naaccrNum="9544" naaccrName="Historical #4: CS SSF25 Discriminator" naaccrId="hist4CSSSF25Disc" length="3" parentXmlElement="Patient" recordTypes="A,M,C,I" dataType="digits" padding="leftZero" />
		<ItemDef naaccrNum="9545" naaccrName="Historical #4: Schema Discriminator 1" naaccrId="hist4SchemaDisc1" length="1" parentXmlElement="Patient" recordTypes="A,M,C,I" />
		<ItemDef naaccrNum="9546" naaccrName="Historical #4: Schema Discriminator 2" naaccrId="hist4SchemaDisc2" length="1" parentXmlElement="Patient" recordTypes="A,M,C,I" />
		<ItemDef naaccrNum="9547" naaccrName="Historical #4: Schema Discriminator 3" naaccrId="hist4SchemaDisc3" length="1" parentXmlElement="Patient" recordTypes="A,M,C,I" />
		<ItemDef naaccrNum="9548" naaccrName="Historical #5: Sequence Number" naaccrId="hist5Seq" length="2" parentXmlElement="Patient" recordTypes="A,M,C,I" dataType="digits" padding="leftZero" />
		<ItemDef naaccrNum="9549" naaccrName="Historical #5: DX Date " naaccrId="hist5DXDate" length="8" parentXmlElement="Patient" recordTypes="A,M,C,I" dataType="date" />
		<ItemDef naaccrNum="9550" naaccrName="Historical #5: Primary Site" naaccrId="hist5PrimarySite" length="4" parentXmlElement="Patient" recordTypes="A,M,C,I" />
		<ItemDef naaccrNum="9551" naaccrName="Historical #5: Morphology" naaccrId="hist5Morphology" length="4" parentXmlElement="Patient" recordTypes="A,M,C,I" dataType="digits" />
		<ItemDef naaccrNum="9552" naaccrName="Historical #5: Behavior" naaccrId="hist5Behavior" length="1" parentXmlElement="Patient" recordTypes="A,M,C,I" dataType="digits" />
		<ItemDef naaccrNum="9553" naaccrName="Historical #5: Laterality" naaccrId="hist5Laterality" length="1" parentXmlElement="Patient" recordTypes="A,M,C,I" dataType="digits" />
		<ItemDef naaccrNum="9554" naaccrName="Historical #5: DX State Abbreviation" naaccrId="hist5DXStateAbbr" length="2" parentXmlElement="Patient" recordTypes="A,M,C,I" dataType="alpha" />
		<ItemDef naaccrNum="9555" naaccrName="Historical #5: DX County FIPS" naaccrId="hist5DXCountyFIPS" length="3" parentXmlElement="Patient" recordTypes="A,M,C,I" dataType="digits" padding="leftZero" />
		<ItemDef naaccrNum="9556" naaccrName="Historical #5: CS SSF25 Discriminator" naaccrId="hist5CSSSF25Disc" length="3" parentXmlElement="Patient" recordTypes="A,M,C,I" dataType="digits" padding="leftZero" />
		<ItemDef naaccrNum="9557" naaccrName="Historical #5: Schema Discriminator 1" naaccrId="hist5SchemaDisc1" length="1" parentXmlElement="Patient" recordTypes="A,M,C,I" />
		<ItemDef naaccrNum="9558" naaccrName="Historical #5: Schema Discriminator 2" naaccrId="hist5SchemaDisc2" length="1" parentXmlElement="Patient" recordTypes="A,M,C,I" />
		<ItemDef naaccrNum="9559" naaccrName="Historical #5: Schema Discriminator 3" naaccrId="hist5SchemaDisc3" length="1" parentXmlElement="Patient" recordTypes="A,M,C,I" />
		<ItemDef naaccrNum="9960" naaccrName="Height" naaccrId="height" recordTypes="A,M,C,I" parentXmlElement="Tumor" length="2" dataType="digits" padding="leftZero"/>
		<ItemDef naaccrNum="9961" naaccrName="Weight" naaccrId="weight" recordTypes="A,M,C,I" parentXmlElement="Tumor" length="3" dataType="digits" padding="leftZero"/> 
    </ItemDefs>
</NaaccrDictionary> 
