<?xml version="1.0" encoding="UTF-8"?>

<!-- invalid because the Patient ID Number value is too long -->

<NaaccrData baseDictionaryUri="http://naaccr.org/naaccrxml/naaccr-dictionary-180.xml" recordType="A" specificationVersion="1.4" xmlns="http://naaccr.org/naaccrxml">
    <Item naaccrId="registryId">0000000001</Item>
    <Patient>
        <Item naaccrId="patientIdNumber">00000001XXXX</Item>
        <Tumor>
            <Item naaccrId="primarySite">C123</Item>
        </Tumor>
    </Patient>
</NaaccrData>