<?xml version="1.0"?>

<NaaccrDictionary dictionaryUri="https://sph.lsuhsc.edu/louisiana-tumor-registry/ltr-naaccr-dictionary-250.xml"
            naaccrVersion="250"
            specificationVersion="1.8"
            description="Lousiana Tumor Registry NAACCR 25 Dictionary"
            xmlns="http://naaccr.org/naaccrxml">
    <ItemDefs>
        <ItemDef naaccrId="secondaryPayerAtDx"
            naaccrNum="9500"
            naaccrName="Secondary Payer at DX"
            length="2"
            recordTypes="A,M,C,I"
            parentXmlElement="Tumor"/>
        <ItemDef naaccrId="covid19Diagnosed"
            naaccrNum="9501"
            naaccrName="COVID-19 Diagnosed"
            length="1"
            recordTypes="A,M,C,I"
            parentXmlElement="Tumor"/>
        <ItemDef naaccrId="covid19DxDate"
            naaccrNum="9502"
            naaccrName="COVID-19 Diagnosis Date"
            length="8"
            recordTypes="A,M,C,I"
            parentXmlElement="Tumor"/>
        <ItemDef naaccrId="covid19ViralTest"
            naaccrNum="9503"
            naaccrName="COVID-19 Viral Test"
            length="1"
            recordTypes="A,M,C,I"
            parentXmlElement="Tumor"/>
        <ItemDef naaccrId="covid19ViralTestDate"
            naaccrNum="9504"
            naaccrName="COVID-19 Viral Test Date"
            length="8"
            recordTypes="A,M,C,I"
            parentXmlElement="Tumor"/>
        <ItemDef naaccrId="covid19AntibodyTest"
            naaccrNum="9505"
            naaccrName="COVID-19 Antibody Test"
            length="1"
            recordTypes="A,M,C,I"
            parentXmlElement="Tumor"/>
        <ItemDef naaccrId="covid19AntibodyTestDate"
            naaccrNum="9506"
            naaccrName="COVID-19 Antibody Test Date"
            length="8"
            recordTypes="A,M,C,I"
            parentXmlElement="Tumor"/>
        <ItemDef naaccrId="covid19DelayedCAEvents"
            naaccrNum="9507"
            naaccrName="COVID-19 Delayed CA Events"
            length="1"
            recordTypes="A,M,C,I"
            parentXmlElement="Tumor"/>
        <ItemDef naaccrId="covid19DecisionToDelayDate"
            naaccrNum="9508"
            naaccrName="COVID-19 Decision to Delay Date"
            length="8"
            recordTypes="A,M,C,I"
            parentXmlElement="Tumor"/>
        <ItemDef naaccrId="covid19Changed1stCourseTx"
            naaccrNum="9509"
            naaccrName="COVID-19 Changed 1st Course Tx"
            length="1"
            recordTypes="A,M,C,I"
            parentXmlElement="Tumor"/>
        <ItemDef naaccrId="covid19Chemo"
            naaccrNum="9510"
            naaccrName="COVID-19 Chemo"
            length="1"
            recordTypes="A,M,C,I"
            parentXmlElement="Tumor"/>
        <ItemDef naaccrId="covid19Hormone"
            naaccrNum="9511"
            naaccrName="COVID-19 Hormone"
            length="1"
            recordTypes="A,M,C,I"
            parentXmlElement="Tumor"/>
        <ItemDef naaccrId="covid19BRM"
            naaccrNum="9512"
            naaccrName="COVID-19 BRM"
            length="1"
            recordTypes="A,M,C,I"
            parentXmlElement="Tumor"/>
        <ItemDef naaccrId="covid19BMT"
            naaccrNum="9513"
            naaccrName="COVID-19 BMT"
            length="1"
            recordTypes="A,M,C,I"
            parentXmlElement="Tumor"/>
        <ItemDef naaccrId="covid19Radiation"
            naaccrNum="9514"
            naaccrName="COVID-19 Radiation"
            length="1"
            recordTypes="A,M,C,I"
            parentXmlElement="Tumor"/>
        <ItemDef naaccrId="covid19RadiationOtherRT"
            naaccrNum="9515"
            naaccrName="COVID-19 Rad Other (RT)"
            length="1"
            recordTypes="A,M,C,I"
            parentXmlElement="Tumor"/>
        <ItemDef naaccrId="covid19RadiationOtherICB"
            naaccrNum="9516"
            naaccrName="COVID-19 Rad Other (ICB)"
            length="1"
            recordTypes="A,M,C,I"
            parentXmlElement="Tumor"/>
        <ItemDef naaccrId="covid19SurgeryImpact"
            naaccrNum="9517"
            naaccrName="COVID-19 Surgery Impact"
            length="1"
            recordTypes="A,M,C,I"
            parentXmlElement="Tumor"/>
        <ItemDef naaccrId="height"
            naaccrNum="9960"
            naaccrName="Height"
            length="2"
            recordTypes="A,M,C,I"
            parentXmlElement="Tumor"/>
        <ItemDef naaccrId="weight"
            naaccrNum="9961"
            naaccrName="Weight"
            length="3"
            recordTypes="A,M,C,I"
            parentXmlElement="Tumor"/>
		<!-- The below data item is required for Cnext vendor only -->
		<ItemDef naaccrId="surgHospOfRx"
            naaccrNum="9962"
            naaccrName="Surgery, Hospital of Rx"
            length="10"
            recordTypes="A,M,C,I"
            parentXmlElement="Tumor"/>
		<!-- The below data item is required for Cnext vendor only -->
		<ItemDef naaccrId="radHospOfRx"
            naaccrNum="9963"
            naaccrName="Radiation, Hospital of Rx"
            length="10"
            recordTypes="A,M,C,I"
            parentXmlElement="Tumor"/> 
		<!-- The below data item is required for Cnext vendor only -->
		<ItemDef naaccrId="chemoHospOfRx"
            naaccrNum="9964"
            naaccrName="Chemo, Hospital of Rx"
            length="10"
            recordTypes="A,M,C,I"
            parentXmlElement="Tumor"/>
		<!-- The below data item is required for Cnext vendor only -->
		<ItemDef naaccrId="hormoneHospOfRx"
            naaccrNum="9965"
            naaccrName="Hormone, Hospital of Rx"
            length="10"
            recordTypes="A,M,C,I"
            parentXmlElement="Tumor"/>
		<!-- The below data item is required for Cnext vendor only -->
		<ItemDef naaccrId="transEndoHospOfRx"
            naaccrNum="9966"
            naaccrName="Transplant/Endocrine, Hospital of Rx"
            length="10"
            recordTypes="A,M,C,I"
            parentXmlElement="Tumor"/>
		<!-- The below data item is required for Cnext vendor only -->
		<ItemDef naaccrId="immunoHospOfRx"
            naaccrNum="9967"
            naaccrName="Immunotherapy, Hospital of Rx"
            length="10"
            recordTypes="A,M,C,I"
            parentXmlElement="Tumor"/>	
		<!-- The below data item is required for Cnext vendor only -->
		<ItemDef naaccrId="palliativeHospOfRx"
            naaccrNum="9968"
            naaccrName="Palliative, Hospital of Rx"
            length="10"
            recordTypes="A,M,C,I"
            parentXmlElement="Tumor"/>	
		<!-- The below data item is required for Cnext vendor only -->
		<ItemDef naaccrId="otherHospOfRx"
            naaccrNum="9969"
            naaccrName="Other, Hospital of Rx"
            length="10"
            recordTypes="A,M,C,I"
            parentXmlElement="Tumor"/>	
    </ItemDefs>
</NaaccrDictionary>