<?xml version="1.0"?>

<NaaccrDictionary dictionaryUri="http://uofuhealth.utah.edu/utah-cancer-registry/ucr-naaccr-dictionary-250-v5.xml"
            naaccrVersion="250"
            specificationVersion="1.8"
            dateLastModified="2024-09-03T13:14:09.418-06:00"
            description="Utah Cancer Registry State-Specific Data Item Dictionary v5"
            xmlns="http://naaccr.org/naaccrxml">
    <ItemDefs>
        <ItemDef naaccrId="hbocGeneticCounselingReferral"
            naaccrNum="9262"
            naaccrName="HBOC--Genetic Counseling Referral"
            length="1"
            recordTypes="A,M,C,I"
            parentXmlElement="Tumor"
            dataType="numeric"/>
        <ItemDef naaccrId="hbocGermlineBrcaTesting"
            naaccrNum="9263"
            naaccrName="HBOC--Germline BRCA Testing"
            length="1"
            recordTypes="A,M,C,I"
            parentXmlElement="Tumor"
            dataType="numeric"/>
        <ItemDef naaccrId="hbocGermlineBrca1Results"
            naaccrNum="9264"
            naaccrName="HBOC--Germline BRCA1 Results"
            length="1"
            recordTypes="A,M,C,I"
            parentXmlElement="Tumor"
            dataType="numeric"/>
        <ItemDef naaccrId="hbocGermlineBrca2Results"
            naaccrNum="9265"
            naaccrName="HBOC--Germline BRCA2 Results"
            length="1"
            recordTypes="A,M,C,I"
            parentXmlElement="Tumor"
            dataType="numeric"/>
        <ItemDef naaccrId="hbocGermlineBrcaNosResults"
            naaccrNum="9266"
            naaccrName="HBOC--Germline BRCA NOS Results"
            length="1"
            recordTypes="A,M,C,I"
            parentXmlElement="Tumor"
            dataType="numeric"/>
        <ItemDef naaccrId="hbocGermlineOtherGeneResults"
            naaccrNum="9267"
            naaccrName="HBOC--Germline Other Gene Results, Not BRCA"
            length="1"
            recordTypes="A,M,C,I"
            parentXmlElement="Tumor"
            dataType="numeric"/>
    </ItemDefs>
</NaaccrDictionary>