<?xml version="1.0"?>

<NaaccrDictionary dictionaryUri="https://phpa.health.maryland.gov/cancer/maryland-naaccr-dictionary-250-v1.xml"
            naaccrVersion="250"
            specificationVersion="1.8"
            dateLastModified="2024-09-20T13:06:59.645-04:00"
            description="Maryland Specific NAACCR XML Dictionary V25"
            xmlns="http://naaccr.org/naaccrxml">
    <ItemDefs>
        <ItemDef naaccrId="phyLastNameMD"
            naaccrNum="9500"
            naaccrName="Physician Last Name - MD"
            length="25"
            recordTypes="A,M"
            parentXmlElement="Tumor"/>
        <ItemDef naaccrId="phyFirstNameMD"
            naaccrNum="9501"
            naaccrName="Physician First Name - MD"
            length="14"
            recordTypes="A,M"
            parentXmlElement="Tumor"/>
        <ItemDef naaccrId="phyMidNameMD"
            naaccrNum="9502"
            naaccrName="Physician Middle Name - MD"
            length="14"
            recordTypes="A,M"
            parentXmlElement="Tumor"/>
        <ItemDef naaccrId="phySpecialityMD"
            naaccrNum="9503"
            naaccrName="Physician Specialty - MD"
            length="25"
            recordTypes="A,M"
            parentXmlElement="Tumor"/>
        <ItemDef naaccrId="dedupDate"
            naaccrNum="9504"
            naaccrName="Deduplication Date - MD"
            length="8"
            recordTypes="A,M"
            parentXmlElement="Patient"
            dataType="date"/>
        <ItemDef naaccrId="repFacilityMD10Num"
            naaccrNum="9505"
            naaccrName="Reporting Facility 10 - MD"
            length="10"
            recordTypes="A,M"
            parentXmlElement="Tumor"
            dataType="digits"/>
        <ItemDef naaccrId="repFacilityMD5Num"
            naaccrNum="9506"
            naaccrName="Reporting Facility 5 - MD"
            length="5"
            recordTypes="A,M"
            parentXmlElement="Tumor"
            dataType="digits"/>
        <ItemDef naaccrId="contactPatientMD"
            naaccrNum="9507"
            naaccrName="Contact Patient - MD"
            length="3"
            recordTypes="A,M"
            parentXmlElement="Patient"/>
        <ItemDef naaccrId="dxPostalZipPriorMD"
            naaccrNum="9508"
            naaccrName="Dx Postal Zip Prior - MD"
            length="10"
            recordTypes="A,M"
            parentXmlElement="Tumor"
            dataType="digits"/>
        <ItemDef naaccrId="dxCountyPriorMDnum"
            naaccrNum="9509"
            naaccrName="Dx County Prior - MD"
            length="3"
            recordTypes="A,M"
            parentXmlElement="Tumor"
            dataType="digits"/>
        <ItemDef naaccrId="dxNumAndStNew"
            naaccrNum="9510"
            naaccrName="Dx Num and Street New - MD"
            length="40"
            recordTypes="A,M"
            parentXmlElement="Tumor"/>
        <ItemDef naaccrId="eccFlag"
            naaccrNum="12010"
            naaccrName="ECC Flag"
            length="1"
            recordTypes="A,M,C,I"
            parentXmlElement="Tumor"/>
        <ItemDef naaccrId="dateDeathWriteback"
            naaccrNum="9511"
            naaccrName="Date of Death Info Writeback - MD"
            length="40"
            recordTypes="A,M"
            parentXmlElement="Patient"
            dataType="mixed"/>
    </ItemDefs>
</NaaccrDictionary>