<?xml version="1.0" encoding="UTF-8"?>

<!-- invalid because the Patient ID Number has an invalid NAACCR number -->

<NaaccrData baseDictionaryUri="http://naaccr.org/naaccrxml/naaccr-dictionary-230.xml" recordType="A" specificationVersion="1.65" xmlns="http://naaccr.org/naaccrxml">
    <Item naaccrId="registryId">0000000001</Item>
    <Patient>
        <Item naaccrId="patientIdNumber" naaccrNum="1">00000001</Item>
        <Tumor>
            <Item naaccrId="primarySite">C123</Item>
        </Tumor>
    </Patient>
</NaaccrData>