<?xml version="1.0"?>

<NaaccrDictionary dictionaryUri="https://nm.unm.edu/newmexico-tumor-registry-naaccr-dictionary-250.xml"
            naaccrVersion="250"
            specificationVersion="1.7"
            dateLastModified="2024-12-19T08:35:15.351-07:00"
            description="NM 2025 Dictionary 12-19-2024"
            xmlns="http://naaccr.org/naaccrxml">
    <ItemDefs>
        <ItemDef naaccrId="nmNumberOfOtherSites"
            naaccrNum="9501"
            naaccrName="NM Number of Other Sites"
            length="1"
            recordTypes="A,M,C,I"
            parentXmlElement="Tumor"
            padding="leftZero"/>
        <ItemDef naaccrId="nmOtherSite1"
            naaccrNum="9502"
            naaccrName="NM Other Site1"
            length="4"
            recordTypes="A,M,C,I"
            parentXmlElement="Tumor"/>
        <ItemDef naaccrId="nmOtherSite2"
            naaccrNum="9503"
            naaccrName="NM Other Site2"
            length="4"
            recordTypes="A,M,C,I"
            parentXmlElement="Tumor"/>
        <ItemDef naaccrId="nmOtherSite3"
            naaccrNum="9504"
            naaccrName="NM Other Site3"
            length="4"
            recordTypes="A,M,C,I"
            parentXmlElement="Tumor"/>
        <ItemDef naaccrId="nmOtherSite4"
            naaccrNum="9505"
            naaccrName="NM Other Site4"
            length="4"
            recordTypes="A,M,C,I"
            parentXmlElement="Tumor"/>
        <ItemDef naaccrId="nmOtherSite5"
            naaccrNum="9506"
            naaccrName="NM Other Site5"
            length="4"
            recordTypes="A,M,C,I"
            parentXmlElement="Tumor"/>
        <ItemDef naaccrId="nmOtherSite6"
            naaccrNum="9507"
            naaccrName="NM Other Site6"
            length="4"
            recordTypes="A,M,C,I"
            parentXmlElement="Tumor"/>
        <ItemDef naaccrId="nmOtherSite1DxDate"
            naaccrNum="9508"
            naaccrName="NM Other Site1 Dx Date"
            length="8"
            recordTypes="A,M,C,I"
            parentXmlElement="Tumor"/>
        <ItemDef naaccrId="nmOtherSite2DxDate"
            naaccrNum="9509"
            naaccrName="NM Other Site2 Dx Date"
            length="8"
            recordTypes="A,M,C,I"
            parentXmlElement="Tumor"/>
        <ItemDef naaccrId="nmOtherSite3DxDate"
            naaccrNum="9510"
            naaccrName="NM Other Site3 Dx Date"
            length="8"
            recordTypes="A,M,C,I"
            parentXmlElement="Tumor"/>
        <ItemDef naaccrId="nmOtherSite4DxDate"
            naaccrNum="9511"
            naaccrName="NM Other Site4 Dx Date"
            length="8"
            recordTypes="A,M,C,I"
            parentXmlElement="Tumor"/>
        <ItemDef naaccrId="nmOtherSite5DxDate"
            naaccrNum="9512"
            naaccrName="NM Other Site5 Dx Date"
            length="8"
            recordTypes="A,M,C,I"
            parentXmlElement="Tumor"/>
        <ItemDef naaccrId="nmOtherSite6DxDate"
            naaccrNum="9513"
            naaccrName="NM Other Site6 Dx Date"
            length="8"
            recordTypes="A,M,C,I"
            parentXmlElement="Tumor"/>
        <ItemDef naaccrId="nmPatientContactRelationship"
            naaccrNum="9514"
            naaccrName="NM Patient Contact Relationship"
            length="2"
            recordTypes="A,M,C,I"
            parentXmlElement="Tumor"
            padding="leftZero"/>
        <ItemDef naaccrId="nmFamilyHistoryOfCancer"
            naaccrNum="9515"
            naaccrName="NM Family History of Cancer"
            length="2"
            recordTypes="A,M,C,I"
            parentXmlElement="Tumor"
            padding="leftZero"/>
        <ItemDef naaccrId="nmFamilyMember1"
            naaccrNum="9516"
            naaccrName="NM Family Member 1"
            length="2"
            recordTypes="A,M,C,I"
            parentXmlElement="Tumor"
            padding="leftZero"/>
        <ItemDef naaccrId="nmFamilyMember1Site"
            naaccrNum="9517"
            naaccrName="NM Family Member1 Site"
            length="4"
            recordTypes="A,M,C,I"
            parentXmlElement="Tumor"/>
        <ItemDef naaccrId="nmFamilyMember2"
            naaccrNum="9518"
            naaccrName="NM Family Member2"
            length="2"
            recordTypes="A,M,C,I"
            parentXmlElement="Tumor"
            padding="leftZero"/>
        <ItemDef naaccrId="nmFamilyMember2Site"
            naaccrNum="9519"
            naaccrName="NM Family Member2 Site"
            length="4"
            recordTypes="A,M,C,I"
            parentXmlElement="Tumor"/>
        <ItemDef naaccrId="nmFamilyMember3"
            naaccrNum="9520"
            naaccrName="NM Family Member3"
            length="2"
            recordTypes="A,M,C,I"
            parentXmlElement="Tumor"
            padding="leftZero"/>
        <ItemDef naaccrId="nmFamilyMember3Site"
            naaccrNum="9521"
            naaccrName="NM Family Member3 Site"
            length="4"
            recordTypes="A,M,C,I"
            parentXmlElement="Tumor"/>
        <ItemDef naaccrId="nmTobaccoHistory"
            naaccrNum="9522"
            naaccrName="NM Tobacco History"
            length="2"
            recordTypes="A,M,C,I"
            parentXmlElement="Tumor"
            padding="leftZero"/>
        <ItemDef naaccrId="nmAlcoholHistory"
            naaccrNum="9523"
            naaccrName="NM Alcohol History"
            length="2"
            recordTypes="A,M,C,I"
            parentXmlElement="Tumor"
            padding="leftZero"/>
        <ItemDef naaccrId="nmTribeCode"
            naaccrNum="9524"
            naaccrName="NM Tribe Code"
            length="3"
            recordTypes="A,M,C,I"
            parentXmlElement="Tumor"
            padding="leftZero"/>
        <ItemDef naaccrId="nmCovid19Diagnosed"
            naaccrNum="9525"
            naaccrName="NM COVID-19 Diagnosed"
            length="1"
            recordTypes="A,M,C,I"
            parentXmlElement="Tumor"
            padding="leftZero"/>
        <ItemDef naaccrId="nmCovid19DxDate"
            naaccrNum="9526"
            naaccrName="NM COVID-19 Dx Date"
            length="8"
            recordTypes="A,M,C,I"
            parentXmlElement="Tumor"/>
        <ItemDef naaccrId="nmCovid19ViralTest"
            naaccrNum="9527"
            naaccrName="NM COVID-19 Viral Test"
            length="1"
            recordTypes="A,M,C,I"
            parentXmlElement="Tumor"
            padding="leftZero"/>
        <ItemDef naaccrId="nmCovid19ViralTestDate"
            naaccrNum="9528"
            naaccrName="NM COVID-19 Viral Test Date"
            length="8"
            recordTypes="A,M,C,I"
            parentXmlElement="Tumor"/>
        <ItemDef naaccrId="nmCovid19AntibodyTest"
            naaccrNum="9529"
            naaccrName="NM COVID-19 Antibody Test"
            length="1"
            recordTypes="A,M,C,I"
            parentXmlElement="Tumor"
            padding="leftZero"/>
        <ItemDef naaccrId="nmCovid19AntibodyTestDate"
            naaccrNum="9530"
            naaccrName="NM COVID-19 Antibody Test Date"
            length="8"
            recordTypes="A,M,C,I"
            parentXmlElement="Tumor"/>
        <ItemDef naaccrId="nmCovid19DelayedCaEvents"
            naaccrNum="9531"
            naaccrName="NM COVID-19 Delayed CA Events"
            length="1"
            recordTypes="A,M,C,I"
            parentXmlElement="Tumor"
            padding="leftZero"/>
        <ItemDef naaccrId="nmCovid19DecToDelayDate"
            naaccrNum="9532"
            naaccrName="NM COVID-19 Decision to Delay Date"
            length="8"
            recordTypes="A,M,C,I"
            parentXmlElement="Tumor"/>
        <ItemDef naaccrId="nmCovid19Changed1stCrsTx"
            naaccrNum="9533"
            naaccrName="NM COVID-19 Changed 1st Crs Tx"
            length="1"
            recordTypes="A,M,C,I"
            parentXmlElement="Tumor"
            padding="leftZero"/>
        <ItemDef naaccrId="nmCovid19Chemo"
            naaccrNum="9534"
            naaccrName="NM COVID-19 Chemo"
            length="1"
            recordTypes="A,M,C,I"
            parentXmlElement="Tumor"
            padding="leftZero"/>
        <ItemDef naaccrId="nmCovid19Hormone"
            naaccrNum="9535"
            naaccrName="NM COVID-19 Hormone"
            length="1"
            recordTypes="A,M,C,I"
            parentXmlElement="Tumor"
            padding="leftZero"/>
        <ItemDef naaccrId="nmCovid19Brm"
            naaccrNum="9536"
            naaccrName="NM COVID-19 BRM"
            length="1"
            recordTypes="A,M,C,I"
            parentXmlElement="Tumor"
            padding="leftZero"/>
        <ItemDef naaccrId="nmCovid19Bmt"
            naaccrNum="9537"
            naaccrName="NM COVID-19 BMT"
            length="1"
            recordTypes="A,M,C,I"
            parentXmlElement="Tumor"
            padding="leftZero"/>
        <ItemDef naaccrId="nmCovid19Radiation"
            naaccrNum="9538"
            naaccrName="NM COVID-19 Radiation"
            length="1"
            recordTypes="A,M,C,I"
            parentXmlElement="Tumor"
            padding="leftZero"/>
        <ItemDef naaccrId="nmCovid19RadOtherRT"
            naaccrNum="9539"
            naaccrName="NM COVID-19 Rad Other (RT)"
            length="1"
            recordTypes="A,M,C,I"
            parentXmlElement="Tumor"
            padding="leftZero"/>
        <ItemDef naaccrId="nmCovid19RadOtherICB"
            naaccrNum="9540"
            naaccrName="NM COVID-19 Rad Other (ICB)"
            length="1"
            recordTypes="A,M,C,I"
            parentXmlElement="Tumor"
            padding="leftZero"/>
        <ItemDef naaccrId="nmCovid19SurgeryImpact"
            naaccrNum="9541"
            naaccrName="NM COVID-19 Surgery Impact"
            length="1"
            recordTypes="A,M,C,I"
            parentXmlElement="Tumor"
            padding="leftZero"/>
    </ItemDefs>
</NaaccrDictionary>