<NaaccrDictionary dictionaryUri="https://shri.public-health.uiowa.edu/naaccrxml/shri-naaccr-dictionary-250.xml"
            naaccrVersion="250"
            specificationVersion="1.8"
            description="Iowa Cancer Registry State Specific NAACCR Dictionary"
            xmlns="http://naaccr.org/naaccrxml">
    <ItemDefs>
        <ItemDef naaccrId="rxDateTransplntEndocr"
            naaccrNum="9502"
            naaccrName="Rx Date-Transplnt/Endocr"
            length="8"
            recordTypes="A,M,C,I"
            parentXmlElement="Tumor"
            dataType="date"/>
        <ItemDef naaccrId="height"
            naaccrNum="9504"
            naaccrName="Height"
            length="2"
            recordTypes="A,M,C,I"
            parentXmlElement="Tumor"
            dataType="digits"/>
		<ItemDef naaccrId="weight"
            naaccrNum="9505"
            naaccrName="Weight"
            length="3"
            recordTypes="A,M,C,I"
            parentXmlElement="Tumor"
            dataType="digits"/>
		<ItemDef naaccrId="heightWeightDate"
            naaccrNum="9506"
            naaccrName="Height-Weight Date"
            length="8"
            recordTypes="A,M,C,I"
            parentXmlElement="Tumor"
            dataType="date"/>
		<ItemDef naaccrId="alcoholUseHistory"
            naaccrNum="9507"
            naaccrName="Alcohol Use History"
            length="1"
            recordTypes="A,M,C,I"
            parentXmlElement="Tumor"
            dataType="digits"/>
		<ItemDef naaccrId="tobaccoUseHistory"
            naaccrNum="9508"
            naaccrName="Tobacco Use History"
            length="1"
            recordTypes="A,M,C,I"
            parentXmlElement="Tumor"
            dataType="digits"/>
    </ItemDefs>
</NaaccrDictionary>