<?xml version="1.0" encoding="UTF-8"?>

<!-- invalid because the patient tag is misspelled -->

<NaaccrData baseDictionaryUri="http://naaccr.org/naaccrxml/naaccr-dictionary-210.xml" recordType="I" specificationVersion="1.4" xmlns="http://naaccr.org/naaccrxml">
    <Item naaccrId="registryId">0000000001</Item>
    <Patien>
        <Item naaccrId="patientIdNumber">00000001</Item>
        <Tumor>
            <Item naaccrId="primarySite">C123</Item>
        </Tumor>
    </Patien>
</NaaccrData>