<?xml version="1.0" encoding="UTF-8"?>

<!-- invalid because even if the extra root attributes define a namespace prefix, that namespace is not properly specified -->

<NaaccrData baseDictionaryUri="http://naaccr.org/naaccrxml/naaccr-dictionary-210.xml" recordType="I" specificationVersion="1.4" other:otherAttribute="XXX" xmlns="http://naaccr.org/naaccrxml">
    <Item naaccrId="registryId">0000000001</Item>
    <Patient>
        <Item naaccrId="patientIdNumber">00000001</Item>
        <Tumor>
            <Item naaccrId="primarySite">C123</Item>
        </Tumor>
    </Patient>
</NaaccrData>