<?xml version="1.0" encoding="UTF-8"?>

<!-- invalid because the tumor contains an unknown data item -->

<NaaccrData baseDictionaryUri="http://naaccr.org/naaccrxml/naaccr-dictionary-220.xml" userDictionaryUri="whatever" recordType="A" specificationVersion="1.5" timeGenerated="2015-03-13T12:09:19.0Z" xmlns="http://naaccr.org/naaccrxml">
    <Item naaccrId="registryId">0000000001</Item>
    <Patient>
        <Item naaccrId="patientIdNumber">00000001</Item>
        <Tumor>
            <Item naaccrId="unknown">XXX</Item>
        </Tumor>
    </Patient>
</NaaccrData>