<?xml version="1.0" encoding="UTF-8"?>

<!-- invalid because the item tag is misspelled -->

<NaaccrData baseDictionaryUri="http://naaccr.org/naaccrxml/naaccr-dictionary-220.xml" recordType="I" specificationVersion="1.5" xmlns="http://naaccr.org/naaccrxml">
    <Item naaccrId="registryId">0000000001</Item>
    <Patient>
        <Item naaccrId="patientIdNumber">00000001</Item>
        <Tumor>
            <Ite naaccrId="primarySite">C123</Ite>
        </Tumor>
    </Patient>
</NaaccrData>