<?xml version="1.0" encoding="UTF-8"?>

<!-- invalid because extra root attributes is not defined in its own namespace -->

<NaaccrData baseDictionaryUri="http://naaccr.org/naaccrxml/naaccr-dictionary-160.xml" recordType="I" specificationVersion="1.1" otherAttribute="XXX" xmlns="http://naaccr.org/naaccrxml">
    <Item naaccrId="registryId">0000000001</Item>
    <Patient>
        <Item naaccrId="patientIdNumber">00000001</Item>
        <Tumor>
            <Item naaccrId="primarySite">C123</Item>
        </Tumor>
    </Patient>
</NaaccrData>