<NaaccrDictionary dictionaryUri="http://www.facs.org/quality-programs/cancer/ncdb/call-for-data/coc-dictionary-220-v1.xml" naaccrVersion="220" specificationVersion="1.4" xmlns="http://naaccr.org/naaccrxml" description="CoC specific dictionary for additional NPI Physician confidential data and new breast surgical codes">
<ItemDefs>
<ItemDef naaccrId="cocnpiPrimarySurg" naaccrNum="10101" naaccrName="NPI--Phys--Prim Surg" length="10" recordTypes="A,M,C,I" parentXmlElement="Tumor" />
<ItemDef naaccrId="cocnpiPhysician03" naaccrNum="10102" naaccrName="NPI--Phys 3" length="10" recordTypes="A,M,C,I" parentXmlElement="Tumor" />
<ItemDef naaccrId="cocnpiPhysician04" naaccrNum="10103" naaccrName="NPI--Phys 4" length="10" recordTypes="A,M,C,I" parentXmlElement="Tumor" />

<ItemDef naaccrId="rxHospSurgBreast" naaccrNum="10104" naaccrName="RX Hosp--Surg Breast" length="4" recordTypes="A,M,C,I" parentXmlElement="Tumor" />
<ItemDef naaccrId="rxSummSurgBreast" naaccrNum="10105" naaccrName="RX Summ--Surg Breast" length="4" recordTypes="A,M,C,I" parentXmlElement="Tumor" />
<ItemDef naaccrId="rxHospReconBreast" naaccrNum="10106" naaccrName="RX Hosp--Recon Breast" length="4" recordTypes="A,M,C,I" parentXmlElement="Tumor" />
<ItemDef naaccrId="rxSummReconBreast" naaccrNum="10107" naaccrName="RX Summ--Recon Breast" length="4" recordTypes="A,M,C,I" parentXmlElement="Tumor" />
</ItemDefs>
</NaaccrDictionary>
