<NaaccrDictionary xmlns="http://naaccr.org/naaccrxml" 
dictionaryUri="http://vdh.virginia.gov/virginia-cancer-registry/vcr-naaccr-dictionary-230.xml" 
naaccrVersion="230" 
specificationVersion="1.7" description="Virginia Cancer Registry State-Specific Data Item Dictionary NAACCRv23 VCRv4">
<ItemDefs>
	<ItemDef naaccrId="dioxinExposure" naaccrNum="9501" naaccrName="Dioxin Exposure" length="1" recordTypes="A,M,C,I" parentXmlElement="Tumor" dataType="numeric"/>
	<ItemDef naaccrId="vietnamVeteran" naaccrNum="9502" naaccrName="Viet Nam Veteran" length="1" recordTypes="A,M,C,I" parentXmlElement="Tumor" dataType="numeric"/>
	<ItemDef naaccrId="familyHXCA" naaccrNum="9503" naaccrName="Family History of Cancer" length="1" recordTypes="A,M,C,I" parentXmlElement="Tumor" dataType="numeric"/>
	<ItemDef naaccrId="alcoholHX" naaccrNum="9504" naaccrName="Alcohol History" length="1" recordTypes="A,M,C,I" parentXmlElement="Tumor" dataType="numeric"/>
	<ItemDef naaccrId="tobaccoHX" naaccrNum="9505" naaccrName="Tobacco History" length="1" recordTypes="A,M,C,I" parentXmlElement="Tumor" dataType="numeric"/>
	<ItemDef naaccrId="smokingYears" naaccrNum="9506" naaccrName="# Of Years Smoking HX" length="3" recordTypes="A,M,C,I" parentXmlElement="Tumor" dataType="numeric" padding="leftZero"/>
</ItemDefs>
</NaaccrDictionary>